"Product/Service Name","Variant Name","Quantity on hand","Item type","Single,parent or variant?","Category","SKU","Taxable","Option 1 name","Option 1 value","Option 2 name","Option 2 value","Option 3 name","Option 3 value","Option 4 name","Option 4 value","Option 5 name","Option 5 value","Price","Cost","Income Account","Expense Account","Inventory asset account","Sales Description","Purchase Description","Reorder Point"
"""1"""" LEAD FREE RPZ WITHOUT Y-STRAINER"", L580-210-3114","""1"""" LEAD FREE RPZ WITHOUT Y-STRAINER"", L580-210-3114",0,"Non-Inventory","Single",,"L580-210-3114","No","","","","","","","","","","",1230.5,984.4,"Services","Purchases","","1"" LEAD FREE RPZ, WITHOUT Y-STRAINER, HTC: 8481.80.9015","1"" LEAD FREE RPZ, WITHOUT Y-STRAINER, HTC: 8481.80.9015",
"""PWC 1"""" PRESSURE REDUCING VALVE"", L580-210-3116","""PWC 1"""" PRESSURE REDUCING VALVE"", L580-210-3116",0,"Non-Inventory","Single",,"L580-210-3116","No","","","","","","","","","","",472.71,378.17,"Services","Purchases","","PWC REGULATOR VALVE, HTC: 8481.10.0060","PWC REGULATOR VALVE, HTC: 8481.10.0060",
"""PWC 1"""" REDUCED BACKFLOW PREVENTER"", L580-213-3317","""PWC 1"""" REDUCED BACKFLOW PREVENTER"", L580-213-3317",0,"Non-Inventory","Single",,"L580-213-3317","No","","","","","","","","","","",1429.51,1143.61,"Services","Purchases","","1"" LEAD FREE RPZ, BFP WITH Y-STRAINER 4ALF-215-A2F, APOLLO / CONBRACO","1"" LEAD FREE RPZ, BFP WITH Y-STRAINER 4ALF-215-A2F, APOLLO / CONBRACO",
"""PWC 3/4"""" X 250' BLUE PWC HOSE"", L580-212-3217","""PWC 3/4"""" X 250' BLUE PWC HOSE"", L580-212-3217",0,"Non-Inventory","Single",,"L580-212-3217","No","","","","","","","","","","",655.84,524.67,"Services","Purchases","","PWC-60C-BLUE-250, POTABLE WATER HOSE, BLUE COVER, 3/4"" ID X 250'","PWC-60C-BLUE-250, POTABLE WATER HOSE, BLUE COVER, 3/4"" ID X 250'",
"""PWC SS FLEX CONNECTOR 1""""X8"""" LENGTH"", L580-099-0016","""PWC SS FLEX CONNECTOR 1""""X8"""" LENGTH"", L580-099-0016",0,"Non-Inventory","Single",,"L580-099-0016","No","","","","","","","","","","",91.39,73.11,"Services","Purchases","","1"" X 8"" WITH SS MALE EACH END, HTC: 8487.90.0080","1"" X 8"" WITH SS MALE EACH END, HTC: 8487.90.0080",
"#40 Single Strand Roller Chain SS","#40 Single Strand Roller Chain SS",0,"Non-Inventory","Single","Chain","M133N","No","","","","","","","","","","",1.56583,15.07,"Services","Purchases","","1/2"" Pitch, Single Strand
Customer item: M133N","1/2"" Pitch, Single Strand
Customer item: M133N",
"#50 Single Roller Chain SS","#50 Single Roller Chain SS",0,"Non-Inventory","Single","Chain","M880N","No","","","","","","","","","","",2.9575,20.5,"Services","Purchases","","5/8"" Pitch, Single Strand
Customer: M880N","5/8"" Pitch, Single Strand
5/8"" Pitch, Single Strand
Customer: M880N",
"0.125 to 0.375″ Liquidtight Straight Strain Relief Cord Grip","0.125 to 0.375″ Liquidtight Straight Strain Relief Cord Grip",0,"Non-Inventory","Single",,"W-4","Yes","","","","","","","","","","",5,,"Sales","Cost of goods sold","","0.125 to 0.375″ Liquidtight Straight Strain Relief Cord Grip","0.125 to 0.375″ Liquidtight Straight Strain Relief Cord Grip",
"0.125 to 0.375″ Liquidtight Straight Strain Relief Cord Grip 1/2 NPT, 2-1/8″ OAL, Nylon","0.125 to 0.375″ Liquidtight Straight Strain Relief Cord Grip 1/2 NPT, 2-1/8″ OAL, Nylon",0,"Non-Inventory","Single",,"F4S000002","Yes","","","","","","","","","","",16.99,,"Sales","Cost of goods sold","","0.125 to 0.375″ Liquidtight Straight Strain Relief Cord Grip 1/2 NPT, 2-1/8″ OAL, Nylon","0.125 to 0.375″ Liquidtight Straight Strain Relief Cord Grip 1/2 NPT, 2-1/8″ OAL, Nylon",
"0.31 to 0.56″ Liquidtight Straight Strain Relief Cord Grip 1/2 NPT, 2-1/8″ OAL, Nylon","0.31 to 0.56″ Liquidtight Straight Strain Relief Cord Grip 1/2 NPT, 2-1/8″ OAL, Nylon",0,"Non-Inventory","Single",,"F4S000001","Yes","","","","","","","","","","",14.99,,"Sales of Product Income","Cost of goods sold","","Specifications:


 

 

 ","Specifications:


 

 

 ",
"05020 DL093X10FT-W, J105973104","05020 DL093X10FT-W, J105973104",0,"Non-Inventory","Single",,"J105973104","No","","","","","","","","","","",66.65,55.54,"Services","Purchases","","10FT LEADER","10FT LEADER",
"10"" Drive Roll, Eaa Covered, 2.0m","10"" Drive Roll, Eaa Covered, 2.0m",0,"Non-Inventory","Single",,"2310455","No","","","","","","","","","","",5860,5860,"Services","Purchases","","2310455","2310455",
"18-8 Stainless Steel Flex-Top Locknut for Heavy Vibration 10-32 Thread Size","18-8 Stainless Steel Flex-Top Locknut for Heavy Vibration 10-32 Thread Size",0,"Non-Inventory","Single",,"F4S001001","Yes","","","","","","","","","","",129.9,,"Sales","Cost of goods sold","","18-8 Stainless Steel Flex-Top Locknut for Heavy Vibration 10-32 Thread Size","18-8 Stainless Steel Flex-Top Locknut for Heavy Vibration 10-32 Thread Size",
"18-8 Stainless Steel, Flex-Top Locknut","18-8 Stainless Steel, Flex-Top Locknut",0,"Non-Inventory","Single","Hex Nut","F4S001002","No","","","","","","","","","","",1.14,,"Clearly Better Business Checking (7248) - 1","","","10-32, ¼ inch, 3/8 width
Customer item: M3853",,
"18-8 Stainless Steet Thin Hex Locknut","18-8 Stainless Steet Thin Hex Locknut",0,"Non-Inventory","Single","Hex Nut","F4S001000","No","","","","","","","","","","",14.99,,"Sales of Product Income","","","1/2 inch - 20 
Customer Item # M16670",,
"1⁄4"" TURN STS ENCLOSURE LATCH","1⁄4"" TURN STS ENCLOSURE LATCH",0,"Service","Single","Latch Locks","FC - 080 -1001 SS","No","","","","","","","","","","",16,,"Services","","","Full Stainless Steel",,
"2 Bolt Flange With Nickle Plated Housing AMI UCFT 207-20NP","2 Bolt Flange With Nickle Plated Housing AMI UCFT 207-20NP",0,"Non-Inventory","Single",,,"No","","","","","","","","","","",,,"Services","Purchases","","Equal to L/B FX3U220NK75","Equal to L/B FX3U220NK75",
"23136EMW33 TImken","23136EMW33 TImken",0,"Service","Single",,,"Yes","","","","","","","","","","",2575.31,1931.48,"Services","Purchases","",,,
"24 Pack LED Light Bulbs, 100 Watt Equivalent A19","24 Pack LED Light Bulbs, 100 Watt Equivalent A19",0,"Non-Inventory","Single",,,"No","","","","","","","","","","",,,"Services","","","5000K Daylight LED Bulb, 15W Bright White Energy Saving Lightbulbs with E26 Standard Base",,
"3HP BALDOR 3450RPM","3HP BALDOR 3450RPM",0,"Non-Inventory","Single",,,"No","","","","","","","","","","",,1375,"Services","Purchases","","182T TEFC 3PH SUPER-E EPOXY WASHDOWN MOTOR","182T TEFC 3PH SUPER-E EPOXY WASHDOWN MOTOR",
"415138 Timken","415138 Timken",0,"Service","Single",,,"Yes","","","","","","","","","","",40.73,54.31,"Services","Purchases","",,,
"416239","416239",0,"Non-Inventory","Single",,,"No","","","","","","","","","","",142.16,106.62,"Services","Purchases","",,,
"455966","455966",0,"Service","Single",,,"Yes","","","","","","","","","","",391.24,293.43,"Services","Purchases","",,,
"455966 Timken","455966 Timken",0,"Non-Inventory","Single",,,"No","","","","","","","","","","",391.24,293.43,"Services","Purchases","",,,
"460-B07-000","460-B07-000",0,"Non-Inventory","Single",,"800005","No","","","","","","","","","","",41.87,20,"Services","Purchases","","Guide Wheel Assy","Guide Wheel Assy",
"82576 Timken","82576 Timken",0,"Non-Inventory","Single",,,"No","","","","","","","","","","",925.61,694.21,"Services","Purchases","",,,
"82950 Timken","82950 Timken",0,"Non-Inventory","Single",,,"No","","","","","","","","","","",568.49,426.37,"Services","Purchases","",,,
"AB 1756-CNBR SER E Control Net Redundant Bridge Module","AB 1756-CNBR SER E Control Net Redundant Bridge Module",0,"Non-Inventory","Single","Net Redundant Bridge Module","AB 1756-CNBR","No","","","","","","","","","","",,,"Services","","","AB 1756-CNBR SER E Control Net Redundant Bridge Module",,
"AB 1756-L61 SER B Control Logix 2MB Memory","AB 1756-L61 SER B Control Logix 2MB Memory",0,"Non-Inventory","Single","Control Logix 2MB Memory","AB 1756-L61 SER B","No","","","","","","","","","","",,,"Services","","","AB 1756-L61 SER B Control Logix 2MB Memory",,
"AB 1786-TPYR SER C NSNP","AB 1786-TPYR SER C NSNP",0,"Non-Inventory","Single","AB 1786-TPYR SER C NSNP","AB 1786-TPYR","No","","","","","","","","","","",,,"Services","","","AB 1786-TPYR SER C NSNP",,
"AB 1786TPYR SER C Control Net Coaxial Cable Y Tap","AB 1786TPYR SER C Control Net Coaxial Cable Y Tap",0,"Non-Inventory","Single","Control Net Coaxial Cable Y Tap","AB 1786TPYR SER C","No","","","","","","","","","","",,,"Services","","","AB 1786TPYR SER C Control Net Coaxial Cable Y Tap",,
"AB 1786TPYR SER C Control Net Coaxial Cable Y Tap","AB 1786TPYR SER C Control Net Coaxial Cable Y Tap",0,"Non-Inventory","Single",,"AB 1786TPYR SER C","No","","","","","","","","","","",,,"Services","","",,,
"AB 1786TPYS SER C CAT REV H01 Control Net Tap","AB 1786TPYS SER C CAT REV H01 Control Net Tap",0,"Non-Inventory","Single","Control Net Tap","Control Net Tap","No","","","","","","","","","","",,,"Services","","","AB 1786TPYS SER C CAT REV H01 Control Net Tap",,
"AB 1794-ACNR15 D FLEX I/O Redundant Adapter Module","AB 1794-ACNR15 D FLEX I/O Redundant Adapter Module",0,"Non-Inventory","Single","Redundant Adapter Module","AB 1794-ACNR15 D FLEX","No","","","","","","","","","","",,,"Services","","","AB 1794-ACNR15 D FLEX I/O Redundant Adapter Module",,
"AB 1794-TB2 SERIS A, Flex TERMINAL BASE","AB 1794-TB2 SERIS A, Flex TERMINAL BASE",0,"Non-Inventory","Single","Flex TERMINAL BASE","AB 1794-TB2 SERIS A","No","","","","","","","","","","",,,"Services","","","AB 1794-TB2 SERIS A, Flex TERMINAL BASE",,
"AB 1794-TB3","AB 1794-TB3",0,"Non-Inventory","Single",,"AB 1794-TB3","No","","","","","","","","","","",,,"Services","","","AB 1794-TB3",,
"AB MPL-B640F-MJ74AA","AB MPL-B640F-MJ74AA",0,"Non-Inventory","Single",,,"Yes","","","","","","","","","","",,,"Services","","",,,
"ALLEN BRADLEY 42GRU-9002-QD SER B PHOTOSWITCH","ALLEN BRADLEY 42GRU-9002-QD SER B PHOTOSWITCH",0,"Non-Inventory","Single",,"42GRU-9002-QD","No","","","","","","","","","","",,,"Services","Purchases","","Photoelectric Sensor,9000 Series,Standard Retroreflective,Standard ON/OFF,AC/DC SPDT Relay ,5 Pin AC/DC Mini QD","Photoelectric Sensor,9000 Series,Standard Retroreflective,Standard ON/OFF,AC/DC SPDT Relay ,5 Pin AC/DC Mini QD",
"AMI Bearing MUCF211-32","AMI Bearing MUCF211-32",0,"Non-Inventory","Single","Bearings:Flange Bearings","MUCF211-32","No","","","","","","","","","","",602.85,422,"Services","Purchases","","Flange-Mount Ball Bearing Unit - 2 in Bore, 4-Bolt Flange, Set Screw Locking, 304 Stainless Steel Housing Material, Non-Expansion Bearing (Fixed), Contact Seal with Flinger Seal","Flange-Mount Ball Bearing Unit - 2 in Bore, 4-Bolt Flange, Set Screw Locking, 304 Stainless Steel Housing Material, Non-Expansion Bearing (Fixed), Contact Seal with Flinger Seal",
"AMI Bearing MUCFBL205-16CEW","AMI Bearing MUCFBL205-16CEW",0,"Non-Inventory","Single","Bearings:Flange Bearings","MUCFBL205-16CEW","No","","","","","","","","","","",174.28,122,"Services","Purchases","","Flange-Mount Ball Bearing Unit - 1 in Bore, 3-Bolt Bracket, Set Screw Locking, PBT Thermoplastic Housing Material, Non-Expansion Bearing (Fixed),Contact Seal with Flinger Seal","Flange-Mount Ball Bearing Unit - 1 in Bore, 3-Bolt Bracket, Set Screw Locking, PBT Thermoplastic Housing Material, Non-Expansion Bearing (Fixed),Contact Seal with Flinger Seal",
"AMI Bearing MUCFPL205-16CEW","AMI Bearing MUCFPL205-16CEW",0,"Non-Inventory","Single","Bearings:Flange Bearings","MUCFPL205-16CEW","No","","","","","","","","","","",174.28,122,"Services","Purchases","","Four-Bolt Flange Ball Bearing Unit - 1 in Bore, 4-Bolt Flange, Set Screw Locking, Thermoplastic Housing Material, Non-Expansion Bearing (Fixed),Contact Seal with Flinger Seal","Four-Bolt Flange Ball Bearing Unit - 1 in Bore, 4-Bolt Flange, Set Screw Locking, Thermoplastic Housing Material, Non-Expansion Bearing (Fixed),Contact Seal with Flinger Seal",
"AMI Bearing MUCNFL205-16CEW","AMI Bearing MUCNFL205-16CEW",0,"Service","Single","Bearings:Flange Bearings","MUCNFL205-16CEW","No","","","","","","","","","","",174.28,122,"Services","Purchases","","Two-Bolt Flange Ball Bearing Unit - 1 in Bore, 2-Bolt Flange,Thermoplastic Housing Material, Non-Expansion Bearing (Fixed), Standard Duty, Contact Seal with Flinger Seal","Two-Bolt Flange Ball Bearing Unit - 1 in Bore, 2-Bolt Flange,Thermoplastic Housing Material, Non-Expansion Bearing (Fixed), Standard Duty, Contact Seal with Flinger Seal",
"AMI Bearing MUCPPL205-16CEW","AMI Bearing MUCPPL205-16CEW",0,"Non-Inventory","Single","Bearings:Flange Bearings","MUCPPL205-16CEW","No","","","","","","","","","","",174.28,122,"Services","Purchases","","Pillow Block Ball Bearing Unit - 2-Bolt Base, 1 in Bore, PBT Thermoplastic Material, Non-Expansion Bearing (Fixed)","Pillow Block Ball Bearing Unit - 2-Bolt Base, 1 in Bore, PBT Thermoplastic Material, Non-Expansion Bearing (Fixed)",
"ARM ACTR LVR LIMIT SW SQD","ARM ACTR LVR LIMIT SW SQD",0,"Non-Inventory","Single",,"3742745","No","","","","","","","","","","",,,"Services","Purchases","","3742745","3742745",
"ARMSTRONG Flange Kits, 1-½ inch, 816009-211K","ARMSTRONG Flange Kits, 1-½ inch, 816009-211K",0,"Non-Inventory","Single",,"816009-211K","No","","","","","","","","","","",,,"Services","Purchases","","1-½ inch FNPT, Flange, 2 Flanges Included","1-½ inch FNPT, Flange, 2 Flanges Included",
"AZULLE I3 WIN 10 IOT ENT 2021 LTSC, 968TW21VL0","AZULLE I3 WIN 10 IOT ENT 2021 LTSC, 968TW21VL0",0,"Non-Inventory","Single",,"968TW21VL0","Yes","","","","","","","","","","",,,"Services","Purchases","","Product Versions:Windows 10 IoT Core/ Windows 10 IoT Enterprise","Product Versions:Windows 10 IoT Core/ Windows 10 IoT Enterprise",
"Air Filter Roll 6U590","Air Filter Roll 6U590",0,"Non-Inventory","Single",,"6U590","No","","","","","","","","","","",,,"Services","","","36 in Nominal Ht, 25 ft Nominal Wd, MERV 1, Foam, Black, 1/4 in Actual Thick",,
"Allen Bradley 1492-SP Miniature Circuit Breaker","Allen Bradley 1492-SP Miniature Circuit Breaker",0,"Non-Inventory","Single",,"1492-SP","No","","","","","","","","","","",49.4,38,"Services","Purchases","","1-Pole, 5A, Type C, 277V ac AC, 48 V dc DC, 10 kA Breaking Capacity","1-Pole, 5A, Type C, 277V ac AC, 48 V dc DC, 10 kA Breaking Capacity",
"Allen Bradley 1747-M13","Allen Bradley 1747-M13",0,"Non-Inventory","Single",,"1747-M13","No","","","","","","","","","","",293.33,220,"Services","Purchases","","Memory Module, SLC 500 EEPROM","Memory Module, SLC 500 EEPROM",
"Allen Bradley 1786-RG6","Allen Bradley 1786-RG6",0,"Non-Inventory","Single",,"1786-RG6","No","","","","","","","","","","",1725,1380,"Services","Purchases","","ControlNet RG6 Quad Shield Coax Cable","ControlNet RG6 Quad Shield Coax Cable",
"Allen Bradley 1786-TPYR /C","Allen Bradley 1786-TPYR /C",0,"Non-Inventory","Single",,"1786-TPYR /C","No","","","","","","","","","","",197.46,146.27,"Services","Purchases","","Rev H01 CONTROLNET RIGHT ANGLE Y-TAP CONNECTOR","Rev H01 CONTROLNET RIGHT ANGLE Y-TAP CONNECTOR",
"Allen Bradley 800T-H48A, Switch Lock","Allen Bradley 800T-H48A, Switch Lock",0,"Non-Inventory","Single",,"800T-H48A","No","","","","","","","","","","",,,"Services","Purchases","","30.5mm Type 4/13 2 Pos. Cylinder Lock","30.5mm Type 4/13 2 Pos. Cylinder Lock",
"Allen Bradley ControlLogix, 1756-BA2","Allen Bradley ControlLogix, 1756-BA2",0,"Non-Inventory","Single",,"1756-BA2","No","","","","","","","","","","",200.08,164,"Services","Purchases","","Lithium Battery for Processor Ser B","Lithium Battery for Processor Ser B",
"Allen Bradley SLC 500 Series PLC, 1747-L551","Allen Bradley SLC 500 Series PLC, 1747-L551",0,"Non-Inventory","Single",,"1747-L551","No","","","","","","","","","","",2812.5,2250,"Services","Purchases","","SLC 5/05 16K Controller1746","SLC 5/05 16K Controller1746",
"Allen Bradley part # 1786-BNC","Allen Bradley part # 1786-BNC",0,"Service","Single","Allen Bradley","1786-BNC","No","","","","","","","","","","",21.99,,"Services","Purchases","","BNC connector, IP20, 75 ohm crimp type","BNC connector, IP20, 75 ohm crimp type",
"Allen Bradley part # 1786-RG6","Allen Bradley part # 1786-RG6",0,"Non-Inventory","Single","Allen Bradley","1786-RG6","No","","","","","","","","","","",1699.99,,"Services","Purchases","","RG6 quad-shield coax cable, Standard PVC, 1000 ft. roll,","RG6 quad-shield coax cable, Standard PVC, 1000 ft. roll,",
"Allen Bradley part # 1786-TPYR","Allen Bradley part # 1786-TPYR",0,"Non-Inventory","Single",,"1786-TPYR","No","","","","","","","","","","",264.99,,"Services","Purchases","","Y-Tap, 1 meter drop cable with straight BNC connector for ControlNet","Y-Tap, 1 meter drop cable with straight BNC connector for ControlNet",
"Allen Bradley part # 1786-XT","Allen Bradley part # 1786-XT",0,"Non-Inventory","Single","Allen Bradley","1786-XT","No","","","","","","","","","","",23.99,,"Services","Purchases","","Termination resistor, IP20, BNC plug, 75 ohm","Termination resistor, IP20, BNC plug, 75 ohm",
"Allen Bradley part # 1786-BNCJI","Allen Bradley part # 1786-BNCJI",0,"Non-Inventory","Single","Allen Bradley","1786-BNCJI","No","","","","","","","","","","",,,"Services","Purchases","","Isolated Bulkhead, IP20, jack-to-jack BNC to BNC","Isolated Bulkhead, IP20, jack-to-jack BNC to BNC",
"Allen Bradley, 1786-RPA","Allen Bradley, 1786-RPA",0,"Non-Inventory","Single",,"1786-RPA","No","","","","","","","","","","",477.33,358,"Services","Purchases","","ControlNet Modular Repeater Adapter","ControlNet Modular Repeater Adapter",
"Allen-Bradley 1756-RM2 is a ControlLogix Redundancy Module","Allen-Bradley 1756-RM2 is a ControlLogix Redundancy Module",0,"Non-Inventory","Single",,"1756-RM2","No","","","","","","","","","","",2339.99,1874,"Services","Purchases","","1000 Mbps synchronization speed and Controller switchover of 20 ms","1000 Mbps synchronization speed and Controller switchover of 20 ms",
"Allen-Bradley 1756-RMC3 Fiber Cable","Allen-Bradley 1756-RMC3 Fiber Cable",0,"Non-Inventory","Single",,"1756-RMC3","No","","","","","","","","","","",289.99,224,"Services","Purchases","","RM Fiber Optic Cable, 3 Meter","RM Fiber Optic Cable, 3 Meter",
"Allen-Bradley 800T-D1 Push Button","Allen-Bradley 800T-D1 Push Button",0,"Non-Inventory","Single",,"800T-D1","No","","","","","","","","","","",127.17,97.82,"Services","Purchases","","nema rating of 4, 13. It has a mushroom head actuator type","nema rating of 4, 13. It has a mushroom head actuator type",
"Allen-Bradley 800T-XD1M Contact Block","Allen-Bradley 800T-XD1M Contact Block",0,"Non-Inventory","Single",,"800T-XD1M","No","","","","","","","","","","",,,"Services","Purchases","","30mm Push Button, 1 Normally Open Contact","30mm Push Button, 1 Normally Open Contact",
"Allen-Bradley Cordset, 889R-F4AEA-5","Allen-Bradley Cordset, 889R-F4AEA-5",0,"Non-Inventory","Single",,"889R-F4AEA-5","No","","","","","","","","","","",81.25,65,"Services","Purchases","","Cable Length: 5 meters, Connector Type: Features a 4-pin M12 connector,","Cable Length: 5 meters, Connector Type: Features a 4-pin M12 connector,",
"Allen-Bradley DC Micro Cable, 889D-F4AC-5","Allen-Bradley DC Micro Cable, 889D-F4AC-5",0,"Non-Inventory","Single",,"889D-F4AC-5","No","","","","","","","","","","",54.6,39,"Services","Purchases","","Straight (Int Threads),Female, Straight (int threads),4 Pins,Standard Materials,4 Pins,Cable,No Connector,Cable IEC Stndrd Color Code,No Connector,Same as First End,PVC Cbl, Yellow, UnShld,22AWG,PVC Cable, Yellow, 22AWG,Cable IEC Stndrd Color Code,Standard,5 m","Straight (Int Threads),Female, Straight (int threads),4 Pins,Standard Materials,4 Pins,Cable,No Connector,Cable IEC Stndrd Color Code,No Connector,Same as First End,PVC Cbl, Yellow, UnShld,22AWG,PVC Cable, Yellow, 22AWG,Cable IEC Stndrd Color Code,Standard,5 m",
"Allen-Bradley DC Micro Cable,Female, 889D-R4AC-5","Allen-Bradley DC Micro Cable,Female, 889D-R4AC-5",0,"Non-Inventory","Single",,"889D-R4AC-5","No","","","","","","","","","","",54.83,42.18,"Services","Purchases","","Rt Angle (Int Threads),Female, Right Angle (int threa,4 Pins,Standard Materials,4 Pins,Cable,No Connector,Cable IEC Stndrd Color Code,No Connector,Same as First End,PVC Cbl, Yellow, UnShld,22AWG,PVC Cable, Yellow, 22AWG,Cable IEC Stndrd Color Code,Standard,5 m","889D-R4AC-5",
"Allen-Bradley GP Slim Line Relay, 700-HK36A1","Allen-Bradley GP Slim Line Relay, 700-HK36A1",0,"Non-Inventory","Single",,"700-HK36A1","No","","","","","","","","","","",52.5,42,"Services","Purchases","","120V 50/60Hz,Standard Contacts,1 Changeover Contact(SPDT)16A","120V 50/60Hz,Standard Contacts,1 Changeover Contact(SPDT)16A",
"Allen-Bradley Metal Plug-In Oiltight Limit Switch, 802T-AP","Allen-Bradley Metal Plug-In Oiltight Limit Switch, 802T-AP",0,"Non-Inventory","Single",,"802T-AP","No","","","","","","","","","","",215.38,168,"Services","Purchases","","0.29 nM 2-Circuit 90 Degrees Travel Plug-In Oiltight Limit Switch","0.29 nM 2-Circuit 90 Degrees Travel Plug-In Oiltight Limit Switch",
"Allen-Bradley Servo Motor, MPL-A430P-MJ22AA","Allen-Bradley Servo Motor, MPL-A430P-MJ22AA",0,"Non-Inventory","Single","Motor","MPL-A430P-MJ22AA","No","","","","","","","","","","",5920,4440,"Services","Purchases","","MPL series offers high performance and reliability","MPL series offers high performance and reliability",
"Allen-Bradley, 140M-C-WTEN","Allen-Bradley, 140M-C-WTEN",0,"Non-Inventory","Single",,"140M-C-WTEN","No","","","","","","","","","","",75.51,60.41,"Services","Purchases","","COMPACT BUS BAR FEEDER TERMINAL","COMPACT BUS BAR FEEDER TERMINAL",
"Allen-Bradley, 1786-RPCD","Allen-Bradley, 1786-RPCD",0,"Non-Inventory","Single",,"1786-RPCD","No","","","","","","","","","","",330.67,248,"Services","Purchases","","Repeater Adaptor,ControlNet,Communication Module,Hub,24V DC,Coaxial BNC,Dual Connectors,DIN Rail Mounting","Repeater Adaptor,ControlNet,Communication Module,Hub,24V DC,Coaxial BNC,Dual Connectors,DIN Rail Mounting",
"Allen-Bradley, 800T-J38A","Allen-Bradley, 800T-J38A",0,"Non-Inventory","Single",,"800T-J38A","No","","","","","","","","","","",,,"Services","Purchases","","800T PB,30mm Selector Switch,3 Position Selector Switch,Standard KB7 Cam","800T PB,30mm Selector Switch,3 Position Selector Switch,Standard KB7 Cam",
"Allen-Bradley, CAT 1756-A7","Allen-Bradley, CAT 1756-A7",0,"Non-Inventory","Single",,,"No","","","","","","","","","","",845.99,770,"Services","Purchases","","Controllogix 7 Slots Chassis, Amperage: 15 Amp","Controllogix 7 Slots Chassis, Amperage: 15 Amp",
"Altelix Cable Glands for Pre-Terminated Cables","Altelix Cable Glands for Pre-Terminated Cables",0,"Non-Inventory","Single",,"HG25B-4X","No","","","","","","","","","","",9.99,6.99,"Services","Purchases","","HG25B-4X","HG25B-4X",
"Aluminum Electrolytic Capacitor PSU3030","Aluminum Electrolytic Capacitor PSU3030",0,"Non-Inventory","Single",,"PSU3030","No","","","","","","","","","","",,,"Services","Purchases","","Aluminum Electrolytic - 30uF - Tolerance +20% - 330VAC - 36.5 x 85.7mm - Bracket Mount - Dual Quick Connect - 65°C","Aluminum Electrolytic - 30uF - Tolerance +20% - 330VAC - 36.5 x 85.7mm - Bracket Mount - Dual Quick Connect - 65°C",
"Ameresco 90JB-V Solar Panel 90 Watt 24v","Ameresco 90JB-V Solar Panel 90 Watt 24v",0,"Non-Inventory","Single",,"90JB-V","No","","","","","","","","","","",309.99,,"Services","Purchases","","Junction box IP65 with 4 terminal screw connection block","Junction box IP65 with 4 terminal screw connection block",
"Amyhill Aluminum Welding Plate 6061 T651 Aluminum Sheet Metal","Amyhill Aluminum Welding Plate 6061 T651 Aluminum Sheet Metal",0,"Non-Inventory","Single",,,"No","","","","","","","","","","",49.99,35.99,"Services","Purchases","","2 x 4 x 1/8 (0.13”) Inch Thin Flat Plain, Accessories Beginner for Mig Tig Stick Mma Arc Gas Heat for Crafting Industry","2 x 4 x 1/8 (0.13”) Inch Thin Flat Plain, Accessories Beginner for Mig Tig Stick Mma Arc Gas Heat for Crafting Industry",
"Anybus Communicator CAN Gateways, AB7318-B","Anybus Communicator CAN Gateways, AB7318-B",0,"Non-Inventory","Single",,"AB7318-B","No","","","","","","","","","","",1491.03,,"Services","Purchases","","Gateways CAN-EtherNetIP Slave (2 Port)","Gateways CAN-EtherNetIP Slave (2 Port)",
"Auxiliary Contact, 140M-C-ASA20","Auxiliary Contact, 140M-C-ASA20",0,"Non-Inventory","Single",,"140M-C-ASA20","No","","","","","","","","","","",,,"Services","Purchases","","RIGHT SIDE-MOUNTED, FOR 140M-C/D/F FRAME CIRCUIT BREAKERS","RIGHT SIDE-MOUNTED, FOR 140M-C/D/F FRAME CIRCUIT BREAKERS",
"BAGGAGE CHUTE RIGHT SIDE","BAGGAGE CHUTE RIGHT SIDE",0,"Non-Inventory","Single",,"BKW1851-R","No","","","","","","","","","","",,,"Services","","","BKW1851-R",,
"BALDOR BRAKE","BALDOR BRAKE",0,"Non-Inventory","Single","Brake","1-056-021-00-BQF STEARNS","No","","","","","","","","","","",766.66,575,"Services","Purchases","","BALDOR BRAKE 1-056-021-00-BQF STEARNS","BALDOR BRAKE 1-056-021-00-BQF STEARNS",
"BALDOR General Purpose Motor, VEM3558T","BALDOR General Purpose Motor, VEM3558T",0,"Non-Inventory","Single","Motor","VEM3558T","No","","","","","","","","","","",,,"Services","Purchases","","Totally Enclosed Fan Cooled, C-Face Mount, 2 HP, 208-230/460V AC","Totally Enclosed Fan Cooled, C-Face Mount, 2 HP, 208-230/460V AC",
"BALDOR MOTOR EHM3218T","BALDOR MOTOR EHM3218T",0,"Service","Single",,"EHM3218T","No","","","","","","","","","","",608,456,"Services","Purchases","","General Purpose HVAC Motor, 230/460V, 1800 RPM, 5 hp, 3 Phase, ODP, 184T Frame","General Purpose HVAC Motor, 230/460V, 1800 RPM, 5 hp, 3 Phase, ODP, 184T Frame",
"BC-PRT-DR-SFT SFT","BC-PRT-DR-SFT SFT",0,"Non-Inventory","Single","Shaft",,"No","","","","","","","","","","",421,357.85,"Services","Purchases","","ER 23 X 54-1/16 FL KWY","ER 23 X 54-1/16 FL KWY",
"BEARING FBMH, 1120011","BEARING FBMH, 1120011",0,"Non-Inventory","Single",,"1120011","No","","","","","","","","","","",274.67,206,"Services","Purchases","","23 207 CLC DODGE FB-DL-107","23 207 CLC DODGE FB-DL-107",
"BEARING‐FLANGE 2B, 1027087","BEARING‐FLANGE 2B, 1027087",0,"Non-Inventory","Single",,"1027087","No","","","","","","","","","","",71.4,59.5,"Services","Purchases","","1-11/16 SFT-27G WIR RGR BH PR","1-11/16 SFT-27G WIR RGR BH PR",
"BELT ASSY 48C39 F45 PVOP 114.5L","BELT ASSY 48C39 F45 PVOP 114.5L",0,"Non-Inventory","Single","Belt:Conveyor Belt","176342-316994","No","","","","","","","","","","",2318.75,1855,"Services","Purchases","","BC-PRT-BELT-ASSY","BC-PRT-BELT-ASSY",
"BELT ASSY 48C39 SP45 SRFR 116L 12ED","BELT ASSY 48C39 SP45 SRFR 116L 12ED",0,"Non-Inventory","Single",,"65101205","No","","","","","","","","","","",2189,1860.65,"Services","Purchases","","65101205","65101205",
"BELT ASSY 48C39 SP90 SRFR 230L 24ED","BELT ASSY 48C39 SP90 SRFR 230L 24ED",0,"Non-Inventory","Single","Belt:Conveyor Belt","65101208","No","","","","","","","","","","",3141,2669.85,"Services","Purchases","","65101208","65101208",
"BELT ASSY 48C39-SP 45","BELT ASSY 48C39-SP 45",0,"Non-Inventory","Single","Belt","48C39-SP 45","No","","","","","","","","","","",2189,1860.65,"Services","Purchases","","SR-FR 116L 12ED, Serial No: 199274-328259","SR-FR 116L 12ED, Serial No: 199274-328259",
"BELT ASSY 48C39-SP90","BELT ASSY 48C39-SP90",0,"Non-Inventory","Single",,"48C39-SP90","No","","","","","","","","","","",,,"Services","Purchases","","BC-PRT-BELT-ASSY BELT ASSY 48C39 SP90 SR 229L 24ED 27","BC-PRT-BELT-ASSY BELT ASSY 48C39 SP90 SR 229L 24ED 27",
"BELT-CONVEYOR ASSY, 56-1/4""WD X 146-1/8"" LG","BELT-CONVEYOR ASSY, 56-1/4""WD X 146-1/8"" LG",0,"Non-Inventory","Single",,"5376146157-0","No","","","","","","","","","","",,,"Services","Purchases","","W/(2) NYLON GUIDES","W/(2) NYLON GUIDES",
"BELT‐CONVEYOR ‐ WDTH 3' 2‐1/4"", COLOR BLACK","BELT‐CONVEYOR ‐ WDTH 3' 2‐1/4"", COLOR BLACK",0,"Non-Inventory","Single",,"5376089539V4","No","","","","","","","","","","",442.59,354.07,"Services","Purchases","","BELT‐CONVEYOR ‐ WDTH: 3' 2‐1/4"", COLOR: BLACK, 89 5/8"" LG, FOR POSITIVELY TRACKED CONVEYOR, W/(2)  NYLON GUIDES-5376089539V4","BELT‐CONVEYOR ‐ WDTH: 3' 2‐1/4"", COLOR: BLACK, 89 5/8"" LG, FOR POSITIVELY TRACKED CONVEYOR, W/(2)  NYLON GUIDES-5376089539V4",
"BL311ZZ NTN","BL311ZZ NTN",0,"Non-Inventory","Single",,,"Yes","","","","","","","","","","",,,"Services","","",,,
"BL312ZZ NTN","BL312ZZ NTN",0,"Non-Inventory","Single",,,"Yes","","","","","","","","","","",,,"Services","","",,,
"BLACK BOX, LBS005A","BLACK BOX, LBS005A",0,"Non-Inventory","Single",,"LBS005A","No","","","","","","","","","","",,,"Services","Purchases","","Usb-Powered 10/100 5-Port Switch","Usb-Powered 10/100 5-Port Switch",
"BLK PVC LACED, B1013D362C","BLK PVC LACED, B1013D362C",0,"Non-Inventory","Single",,"B1013D362C","No","","","","","","","","","","",516.8,430.67,"Services","Purchases","","36in x 21ft 7.75in 2P","36in x 21ft 7.75in 2P",
"BLK PVC Laced, B1012A1E35","BLK PVC Laced, B1012A1E35",0,"Non-Inventory","Single",,"B1012A1E35","No","","","","","","","","","","",387.31,322.76,"Services","Purchases","","36in x 12ft 5in 2P","36in x 12ft 5in 2P",
"BOLT SHOULDER 5/8"" X 3"" Lg","BOLT SHOULDER 5/8"" X 3"" Lg",0,"Non-Inventory","Single",,"802355","No","","","","","","","","","","",14.99,10.32,"Services","Purchases","","802355","802355",
"BOXFEE","BOXFEE",0,"Non-Inventory","Single",,,"No","","","","","","","","","","",25,20,"Services","Purchases","","BOXING FEE FOR SHAFTS 96"" AND OVER. PRICE PER BOX","BOXING FEE FOR SHAFTS 96"" AND OVER. PRICE PER BOX",
"BUSSMANN Fuse, AGC-1/2-R","BUSSMANN Fuse, AGC-1/2-R",0,"Non-Inventory","Single",,"AGC-1/2-R","No","","","","","","","","","","",,,"Services","Purchases","","0.50A, 10kA at 125V AC, 35A at 250V AC, Rating 500 mA","0.50A, 10kA at 125V AC, 35A at 250V AC, Rating 500 mA",
"BUSSMANN Fuse, FRS-R-150","BUSSMANN Fuse, FRS-R-150",0,"Non-Inventory","Single","Fuse","FRS-R-150","No","","","","","","","","","","",,,"Services","Purchases","","Class RK5, FRS-R Series, Time-Delay, 150 A, 600 V AC, 300 V DC, Non-Indicating","Class RK5, FRS-R Series, Time-Delay, 150 A, 600 V AC, 300 V DC, Non-Indicating",
"Balder Motor BM3558TY","Balder Motor BM3558TY",0,"Non-Inventory","Single",,"BM3558TY","No","","","","","","","","","","",,,"Services","","","2 hp, 1800 rpm, 3 ph, 230/460 V, 145T Frame",,
"Baldor CEWDM3610T 3HP","Baldor CEWDM3610T 3HP",0,"Non-Inventory","Single","Motor","CEWDM3610T","No","","","","","","","","","","",1499.99,995,"Services","Purchases","","General Purpose Washdown Duty Motor (Painted) - 3 hp, 3600 rpm, 3 ph, 230/460 V, 182TC Frame","Washdown Motor EWDM3610T , 3HP, 3450RPM, 3PH, 60HZ, 182T, TEFC, F1",
"Baldor D-Series Brake Motor, EBM3558T-D","Baldor D-Series Brake Motor, EBM3558T-D",0,"Non-Inventory","Single","Motor","EBM3558T-D","No","","","","","","","","","","",1807.12,1355.34,"Services","Purchases","","2 hp, 1800 rpm, 3 ph, 230/460 V, 145TY Frame, Totally Enclosed Fan Cooled Enclosure, 60 Hz, 1750 rpm Base, Foot Mount, Continuous Duty","2 hp, 1800 rpm, 3 ph, 230/460 V, 145TY Frame, Totally Enclosed Fan Cooled Enclosure, 60 Hz, 1750 rpm Base, Foot Mount, Continuous Duty",
"Baldor General Purpose Motor, CEM3558T","Baldor General Purpose Motor, CEM3558T",0,"Non-Inventory","Single","Motor","CEM3558T","No","","","","","","","","","","",778.51,648.76,"Services","Purchases","","2HP, 1750RPM, 3PH, 60HZ, 145TC, 3526M, TEFC, F1","2HP, 1750RPM, 3PH, 60HZ, 145TC, 3526M, TEFC, F1",
"Baldor General Purpose Motor, CEM3587T","Baldor General Purpose Motor, CEM3587T",0,"Non-Inventory","Single","Motor","CEM3587T","No","","","","","","","","","","",1024.3,853.58,"Services","Purchases","","2HP, 1760RPM, 3PH, 60HZ, 145TC, 0526M, TEFC, F1","2HP, 1760RPM, 3PH, 60HZ, 145TC, 0526M, TEFC, F1",
"Baldor General Purpose Motor, EBM3558T-S","Baldor General Purpose Motor, EBM3558T-S",0,"Non-Inventory","Single","Motor","EBM3558T-S","No","","","","","","","","","","",1620.27,1215.2,"Services","Purchases","","2 hp, 1800 rpm, 3 ph, 230/460 V, 145TY Frame, Totally Enclosed Fan Cooled Enclosure, 60 Hz, 1760 rpm Base, Rigid Base Mount, Continuous Duty","2 hp, 1800 rpm, 3 ph, 230/460 V, 145TY Frame, Totally Enclosed Fan Cooled Enclosure, 60 Hz, 1760 rpm Base, Rigid Base Mount, Continuous Duty",
"Baldor General Purpose Motor, EBM3558TY","Baldor General Purpose Motor, EBM3558TY",0,"Non-Inventory","Single","Motor","EBM3558TY","No","","","","","","","","","","",1715.61,1372.49,"Services","Purchases","","2 hp, 1800 rpm, 3 ph, 230/460 V, 145T Frame, Totally Enclosed Fan Cooled Enclosure, 60 Hz, 1760 rpm Base","2 hp, 1800 rpm, 3 ph, 230/460 V, 145T Frame, Totally Enclosed Fan Cooled Enclosure, 60 Hz, 1760 rpm Base",
"Baldor General Purpose Motor, EBM3611T-S","Baldor General Purpose Motor, EBM3611T-S",0,"Non-Inventory","Single","Motor","EBM3611T-S","No","","","","","","","","","","",1910.35,1432.76,"Services","Purchases","","3HP, 1760RPM, 3PH, 60HZ, 182T, 3632M, TEFC, F3","3HP, 1760RPM, 3PH, 60HZ, 182T, 3632M, TEFC, F3",
"Baldor General Purpose Motor, EM3546T","Baldor General Purpose Motor, EM3546T",0,"Non-Inventory","Single","Motor","EM3546T","No","","","","","","","","","","",704.95,528.71,"Services","Purchases","","1HP, 1770RPM, 3PH, 60HZ, 143T, 3520M, TEFC, F1","1HP, 1770RPM, 3PH, 60HZ, 143T, 3520M, TEFC, F1",
"Baldor General Purpose Motor, EM3615T","Baldor General Purpose Motor, EM3615T",0,"Non-Inventory","Single","Motor","EM3615T","No","","","","","","","","","","",803.44,658.56,"Services","Purchases","","5 hp, 1750 rpm, 3 ph, 230/460 V, 184T Frame, Totally Enclosed Fan Cooled Enclosure, 60 Hz, 1755 rpm Base, Foot Mount, Continuous Duty","5 hp, 1750 rpm, 3 ph, 230/460 V, 184T Frame, Totally Enclosed Fan Cooled Enclosure, 60 Hz, 1755 rpm Base, Foot Mount, Continuous Duty",
"Baldor General Purpose Motor, EM3774T","Baldor General Purpose Motor, EM3774T",0,"Non-Inventory","Single","Motor","EM3774T","No","","","","","","","","","","",1944.6,1361.22,"Services","Purchases","","10HP, 1765RPM, 3PH, 60HZ, 215T, 0748M, TEFC, F1","10HP, 1765RPM, 3PH, 60HZ, 215T, 0748M, TEFC, F1",
"Baldor General Purpose Motor, ENM3546T","Baldor General Purpose Motor, ENM3546T",0,"Non-Inventory","Single","Motor","ENM3546T","No","","","","","","","","","","",793.8,595.35,"Services","Purchases","","1HP, 1770RPM, 3PH, 60HZ, 143T, 3522M, TENV, F1","1HP, 1770RPM, 3PH, 60HZ, 143T, 3522M, TENV, F1",
"Baldor General Purpose Motor, EWDM3546","Baldor General Purpose Motor, EWDM3546",0,"Non-Inventory","Single","Motor","EWDM3546","No","","","","","","","","","","",973.46,730.1,"Services","Purchases","","1 hp, 1800 rpm, 3 ph, 230/460 V, 56 Frame, Totally Enclosed Non-Ventilated Enclosure, 60 Hz, 1770 rpm Base","1 hp, 1800 rpm, 3 ph, 230/460 V, 56 Frame, Totally Enclosed Non-Ventilated Enclosure, 60 Hz, 1770 rpm Base",
"Baldor General Purpose Motor, VEBM3558T","Baldor General Purpose Motor, VEBM3558T",0,"Non-Inventory","Single","Motor","VEBM3558T","No","","","","","","","","","","",1871.8,1403.85,"Services","Purchases","","2HP, 1750RPM, 3PH, 60HZ, 145TC, 3526M, TEFC, F1","2HP, 1750RPM, 3PH, 60HZ, 145TC, 3526M, TEFC, F1",
"Baldor General Purpose Motor, VEM3538","Baldor General Purpose Motor, VEM3538",0,"Non-Inventory","Single","Motor","VEM3538","No","","","","","","","","","","",597.41,497.84,"Services","Purchases","",".5HP, 1775RPM, 3PH, 60HZ, 56C, 3514M, TEFC, F1",".5HP, 1775RPM, 3PH, 60HZ, 56C, 3514M, TEFC, F1",
"Baldor General Purpose Motor, VEM3546","Baldor General Purpose Motor, VEM3546",0,"Non-Inventory","Single","Motor","VEM3546","No","","","","","","","","","","",731.7,548.8,"Services","Purchases","","1 hp, 1800 rpm, 3 ph, 230/460 V, 56C Frame, Totally Enclosed Fan Cooled Enclosure, 60 Hz, 1770 rpm Base, C-Face","1 hp, 1800 rpm, 3 ph, 230/460 V, 56C Frame, Totally Enclosed Fan Cooled Enclosure, 60 Hz, 1770 rpm Base, C-Face",
"Baldor General Purpose Motor, VEM3561T","Baldor General Purpose Motor, VEM3561T",0,"Non-Inventory","Single","Motor","VEM3561T","No","","","","","","","","","","",850.25,708.54,"Services","Purchases","","3HP, 1764RPM, 3PH, 60HZ, 145TC, 3630M, TEFC, F1","3HP, 1764RPM, 3PH, 60HZ, 145TC, 3630M, TEFC, F1",
"Baldor General Purpose Motor, VEM3611T","Baldor General Purpose Motor, VEM3611T",0,"Non-Inventory","Single","Motor","VEM3611T","No","","","","","","","","","","",826.73,688.94,"Services","Purchases","","3HP, 1764RPM, 3PH, 60HZ, 182TC, 3630M, TEFC, F1","3HP, 1764RPM, 3PH, 60HZ, 182TC, 3630M, TEFC, F1",
"Baldor General Purpose Washdown Duty Motor, EWDM3554T","Baldor General Purpose Washdown Duty Motor, EWDM3554T",0,"Non-Inventory","Single","Motor","EWDM3554T","No","","","","","","","","","","",1096.29,822.22,"Services","Purchases","","1.5HP, 1770RPM, 3PH, 60HZ, 145T, 3530M, TENV, F","1.5HP, 1770RPM, 3PH, 60HZ, 145T, 3530M, TENV, F",
"Baldor General Purpose Washdown Duty Motor, EWDM3615T","Baldor General Purpose Washdown Duty Motor, EWDM3615T",0,"Non-Inventory","Single","Motor","EWDM3615T","No","","","","","","","","","","",1828.03,1371.02,"Services","Purchases","","5HP, 1750RPM, 3PH, 60HZ, 184T, 3642M, TEFC, F1","5HP, 1750RPM, 3PH, 60HZ, 184T, 3642M, TEFC, F1",
"Baldor Motor, 36A01W307","Baldor Motor, 36A01W307",0,"Non-Inventory","Single","Motor","36A01W307","No","","","","","","","","","","",1587.5,1270,"Services","Purchases","","5 HP 230/460 V 1675 RPM 60hz TEFC 3 Ph","5 HP 230/460 V 1675 RPM 60hz TEFC 3 Ph",
"Baldor, General Purpose Brake Motor, VEBM3546","Baldor, General Purpose Brake Motor, VEBM3546",0,"Non-Inventory","Single","Motor","VEBM3546","No","","","","","","","","","","",1399.99,1105.44,"Services","Purchases","","1 hp, 1800 rpm, 3 ph, 230/460 V, 56C Frame, TEFC (Totally Enclosed Fan Cooled) Enclosure, 60 Hz, 1770 rpm Base, C-Face / Footless Mount, Continuous Duty","1 hp, 1800 rpm, 3 ph, 230/460 V, 56C Frame, TEFC (Totally Enclosed Fan Cooled) Enclosure, 60 Hz, 1770 rpm Base, C-Face / Footless Mount, Continuous Duty",
"Baldor, General Purpose Motor","Baldor, General Purpose Motor",0,"Non-Inventory","Single","Motor","EM3558T","No","","","","","","","","","","",828.43,621.32,"Services","Purchases","","2HP, 1750RPM, 3PH, 60HZ, 145T, 3526M, TEFC, F1","2HP, 1750RPM, 3PH, 60HZ, 145T, 3526M, TEFC, F1",
"Baldor, General Purpose Washdown Duty Motor, VWDM3542","Baldor, General Purpose Washdown Duty Motor, VWDM3542",0,"Non-Inventory","Single","Motor","VWDM3542","No","","","","","","","","","","",758.52,568.89,"Services","Purchases","",".75/.55KWHP, 1765 1/MINRPM, 3PH, 60HZ, 56C, 3",".75/.55KWHP, 1765 1/MINRPM, 3PH, 60HZ, 56C, 3",
"Baldor-Reliance AC Motor, VM3611T","Baldor-Reliance AC Motor, VM3611T",0,"Non-Inventory","Single","Motor","VM3611T","No","","","","","","","","","","",861.99,688.94,"Services","Purchases","","3HP 1760RPM 3PH 60HZ 182TC 3631M TEFC F1","3HP 1760RPM 3PH 60HZ 182TC 3631M TEFC F1",
"Baldor-Reliance General Purpose Motor, CEM3546T","Baldor-Reliance General Purpose Motor, CEM3546T",0,"Non-Inventory","Single","Motor","CEM3546T","No","","","","","","","","","","",695.99,556.15,"Services","Purchases","","1 hp, 1800 rpm, 3 ph, 230/460 V, 143TC Frame, TEFC (Totally Enclosed Fan Cooled) Enclosure, 60 Hz, 1770 rpm Base, C-Face","1 hp, 1800 rpm, 3 ph, 230/460 V, 143TC Frame, TEFC (Totally Enclosed Fan Cooled) Enclosure, 60 Hz, 1770 rpm Base, C-Face",
"Baldor-Reliance General Purpose Motor, EM3157T","Baldor-Reliance General Purpose Motor, EM3157T",0,"Non-Inventory","Single","Motor","EM3157T","No","","","","","","","","","","",712.95,570.36,"Services","Purchases","","2 hp, 1800 rpm, 3 ph, 230/460 V, 145T Frame, OPSB (Open Slotted Band) Enclosure, 60 Hz, 1760 rpm Base, Foot Mount","2 hp, 1800 rpm, 3 ph, 230/460 V, 145T Frame, OPSB (Open Slotted Band) Enclosure, 60 Hz, 1760 rpm Base, Foot Mount",
"Baldor-Reliance, General Washdown Duty Motor, CEWDM3546","Baldor-Reliance, General Washdown Duty Motor, CEWDM3546",0,"Non-Inventory","Single","Motor","CEWDM3546","No","","","","","","","","","","",1123.08,842.31,"Services","Purchases","","1 hp, 1800 rpm, 3 ph, 230/460 V, 56C Frame, Totally Enclosed Non-Ventilated Enclosure, 60 Hz, 1770 rpm Base, C-Face","1 hp, 1800 rpm, 3 ph, 230/460 V, 56C Frame, Totally Enclosed Non-Ventilated Enclosure, 60 Hz, 1770 rpm Base, C-Face",
"Ball Bearing Hinge, PBB BB51-4540-NR2","Ball Bearing Hinge, PBB BB51-4540-NR2",0,"Non-Inventory","Single",,"PBB BB51-4540-NR2","No","","","","","","","","","","",30.2,,"Services","Purchases","","4-1/2 x 4, 5/32” Radius Corner, Non-Removable Pin, Stainless Steel Base","4-1/2 x 4, 5/32” Radius Corner, Non-Removable Pin, Stainless Steel Base",
"Ball Bearing, SR08-2RS","Ball Bearing, SR08-2RS",0,"Non-Inventory","Single","Bearings:Ball Bearing","F4S000605","No","","","","","","","","","","",6.69,,"Services","","","ø1""ID x 2""OD x 1/2W
Customer Item # M678",,
"Ball Screw SCR","Ball Screw SCR",0,"Non-Inventory","Single",,"3640979","No","","","","","","","","","","",,,"Services","Purchases","","KIT BALL SCR 3X12'4 W/NUT TPR NK","KIT BALL SCR 3X12'4 W/NUT TPR NK",
"Ball valve, 1/2, 76M-6-RT-6-B411D","Ball valve, 1/2, 76M-6-RT-6-B411D",0,"Non-Inventory","Single","Gemini Valve:Pneumatically Actuated Vavle","1/2, 76M-6-RT-6-B411D","No","","","","","","","","","","",334.99,269.08,"Services","Purchases","","1/2 inch NPT Stainless Steel Replacement Actuator
Customer item: P6601","1/2 inch NPT Stainless Steel Replacement Actuator
Customer item: P6601",
"Ballast XITANIUM LED Driver","Ballast XITANIUM LED Driver",0,"Non-Inventory","Single",,,"Yes","","","","","","","","","","",,,"Services","","","75W 0.1-2.0A 54V 0-10V INT-T
Manufacturing# XI075C200V054BST1",,
"Banner Engineering Corporation, T30UXDPCQ8-85394","Banner Engineering Corporation, T30UXDPCQ8-85394",0,"Non-Inventory","Single",,"T30UXDPCQ8-85394","No","","","","","","","","","","",499.99,359.22,"Services","Purchases","","T30UX Series w/ Dual Discrete Normally Closed; Outputs with Synchronized Timing using Gray Wire; Range: 300 mm - 3 m; Input: 10-30 V dc; Outputs: 2 Independent NC PNP Fixed Field Mode; 5-pin M12 Integral QD","T30UX Series w/ Dual Discrete Normally Closed; Outputs with Synchronized Timing using Gray Wire; Range: 300 mm - 3 m; Input: 10-30 V dc; Outputs: 2 Independent NC PNP Fixed Field Mode; 5-pin M12 Integral QD",
"Battery Assembly,CompactLogix, 1769-BA","Battery Assembly,CompactLogix, 1769-BA",0,"Non-Inventory","Single",,"1769-BA","No","","","","","","","","","","",112.24,92,"Services","Purchases","","Battery Backup Program Memory and Data,3VDC @850mAh,Lithium","Battery Backup Program Memory and Data,3VDC @850mAh,Lithium",
"Bearing","Bearing",0,"Service","Single",,,"Yes","","","","","","","","","","",,,"Services","Purchases","",,,
"Bearing High Performance steel thrust ball bearing Steel","Bearing High Performance steel thrust ball bearing Steel",0,"Non-Inventory","Single",,"W-19","Yes","","","","","","","","","","",1,,"Sales","Cost of goods sold","","Bearing High Performance steel thrust ball bearing Steel","Bearing High Performance steel thrust ball bearing Steel",
"Bearings FL 2B, 1027085","Bearings FL 2B, 1027085",0,"Non-Inventory","Single","Bearings","1027085","No","","","","","","","","","","",89,75.65,"Services","Purchases","","1-7/16 SFT-23G WIR RGR BH PEER","1-7/16 SFT-23G WIR RGR BH PEER",
"Bearings FL 3B, 1027086","Bearings FL 3B, 1027086",0,"Non-Inventory","Single","Bearings","1027086","No","","","","","","","","","","",106,90.1,"Services","Purchases","","1-7/16 FB-23G WIR RGR BH PEER","1-7/16 FB-23G WIR RGR BH PEER",
"Belt Conveyor, Width 3' 2‐1/4"", COLOR- BLACK, 5376089539V4","Belt Conveyor, Width 3' 2‐1/4"", COLOR- BLACK, 5376089539V4",0,"Non-Inventory","Single","Belt:Conveyor Belt","5376089539V4","No","","","","","","","","","","",442.59,354.07,"Services","Purchases","","5/8"" LG, FOR POSITIVELY TRACKED CONVEYOR, W/(2)  NYLON GUIDES","5/8"" LG, FOR POSITIVELY TRACKED CONVEYOR, W/(2)  NYLON GUIDES",
"Belt, B1010C61A7","Belt, B1010C61A7",0,"Non-Inventory","Single","Belt","B1010C61A7","No","","","","","","","","","","",,9.11,"Services","Purchases","","34in Wide 03-065 Open Ended","34in Wide 03-065 Open Ended",
"Belt, B1011EEB8A","Belt, B1011EEB8A",0,"Non-Inventory","Single","Belt","B1011EEB8A","No","","","","","","","","","","",,9.64,"Services","Purchases","","36in Wide 03-065 Open Ended","36in Wide 03-065 Open Ended",
"Belt, B101586462","Belt, B101586462",0,"Non-Inventory","Single","Belt","B101586462","No","","","","","","","","","","",22.49,18.01,"Services","Purchases","","36in Wide 01-400 Open Ended
Customer Part Number: B101586462","36in Wide 01-400 Open Ended
Customer Part Number: B101586462",
"Belt, B101A75916","Belt, B101A75916",0,"Non-Inventory","Single","Belt","B101A75916","No","","","","","","","","","","",,319.5,"Services","Purchases","","38.5in W x 7ft-5.62in L VG Laced","38.5in W x 7ft-5.62in L VG Laced",
"Belt, B101DB3E9E","Belt, B101DB3E9E",0,"Non-Inventory","Single","Belt","B101DB3E9E","No","","","","","","","","","","",,245.93,"Services","Purchases","","11.25in W x 6ft-6in L VG Endless","11.25in W x 6ft-6in L VG Endless",
"Belt, B107000452","Belt, B107000452",0,"Non-Inventory","Single","Belt","B107000452","No","","","","","","","","","","",,19.23,"Services","Purchases","","34in Wide 02-382 Open Ended","34in Wide 02-382 Open Ended",
"Black Box, LBH101A-H-12","Black Box, LBH101A-H-12",0,"Non-Inventory","Single",,"LBH101A-H-12","No","","","","","","","","","","",,,"Services","Purchases","","Network Switch Fast Ethernet (10/100)","Network Switch Fast Ethernet (10/100)",
"Black Grade Gaffer Tape","Black Grade Gaffer Tape",0,"Non-Inventory","Single","Tape",,"No","","","","","","","","","","",,,"Services","Purchases","","4 Inch x 30 Yards, Floor Tape for Electrical Cords Cable Tape, Waterproof Rubber Adhesive No Residue Non-Reflective Matte Finish Gaff Tape, 4 Pack","4 Inch x 30 Yards, Floor Tape for Electrical Cords Cable Tape, Waterproof Rubber Adhesive No Residue Non-Reflective Matte Finish Gaff Tape, 4 Pack",
"Bnc Cable 200ft All-in-One Siamese BNC Video and Power Security Camera Cable","Bnc Cable 200ft All-in-One Siamese BNC Video and Power Security Camera Cable",0,"Non-Inventory","Single",,,"No","","","","","","","","","","",29.99,,"Services","Purchases","","BNC Extension Wire Cord with 2 Female Connectors for All Max 5MP HD CCTV DVR Surveillance System (200ft Cable, White)","BNC Extension Wire Cord with 2 Female Connectors for All Max 5MP HD CCTV DVR Surveillance System (200ft Cable, White)",
"Bostik Never-Seez Antiseize Lubricant","Bostik Never-Seez Antiseize Lubricant",0,"Non-Inventory","Single",,"1820K43","No","","","","","","","","","","",132.05,,"Services","Purchases","","Nuclear Grade Nickel with Certificate, Corrosion-Resistant, 1 lbs. Can","Nuclear Grade Nickel with Certificate, Corrosion-Resistant, 1 lbs. Can",
"Brake, 60-358-01","Brake, 60-358-01",0,"Non-Inventory","Single",,,"No","","","","","","","","","","",5576.39,4182.29,"Services","Purchases","","Serial No.- 81463","Serial No.- 81463",
"Broom Holder Wall Mount","Broom Holder Wall Mount",0,"Non-Inventory","Single",,,"No","","","","","","","","","","",,,"Services","","","Stainless Steel Heavy Duty Mop Holder Broom Mop Hanger Wall with Screws",,
"Browning Pillow Block Ball Bearing","Browning Pillow Block Ball Bearing",0,"Non-Inventory","Single",,"VPLS-216","No","","","","","","","","","","",,,"Services","","","2-Bolt Base, 1 in Bore, Cast Iron Material, Standard Duty, Non-Expansion Bearing (Fixed)
Manufacturing: VPLS-216",,
"Brush","Brush",0,"Service","Single",,,"Yes","","","","","","","","","","",,,"Services","Purchases","",,,
"Buna Cap Nut Gasket - 2072-B","Buna Cap Nut Gasket - 2072-B",0,"Non-Inventory","Single",,"2072-B","No","","","","","","","","","","",4.15,2.49,"Services","Purchases","","Shelco Buna Cap Nut Gasket, for use with FOS series","Shelco Buna Cap Nut Gasket, for use with FOS series",
"Buna Clamp Gasket ø1½ 40MPU Black Buna Sanitary Clamp Gasket","Buna Clamp Gasket ø1½ 40MPU Black Buna Sanitary Clamp Gasket",0,"Non-Inventory","Single",,"F4S001102","Yes","","","","","","","","","","",37.5,,"Sales","Cost of goods sold","","Specifications:","Specifications:",
"Buna Gasket ø¾, 42MPU","Buna Gasket ø¾, 42MPU",0,"Non-Inventory","Single",,"F4S001101","Yes","","","","","","","","","","",32.5,,"Sales","Cost of goods sold","","Specifications:","Specifications:",
"Bushing Bore Timing Belt Pulley- 24LB100 SS","Bushing Bore Timing Belt Pulley- 24LB100 SS",0,"Non-Inventory","Single","Belt:Belt Pulley","24LB100 SS","No","","","","","","","","","","",191.49,135,"Services","Purchases","","⅜ inch Pitch, 24 Tooth, 5/8 to 1 ⅜ inch Bore Dia., 2.835 inch OD, ⅜ inch Belt Width
Customer item: M22821","⅜ inch Pitch, 24 Tooth, 5/8 to 1 ⅜ inch Bore Dia., 2.835 inch OD, ⅜ inch Belt Width
Customer item: M22821",
"Bushing, XT25","Bushing, XT25",0,"Non-Inventory","Single",,"XT25","No","","","","","","","","","","",32.99,26.7,"Services","Purchases","","BSH XT25 -1-11/16","BSH XT25 -1-11/16",
"Bussmann Fuse, LPS-RK-150SP","Bussmann Fuse, LPS-RK-150SP",0,"Non-Inventory","Single","Fuse","LPS-RK-150SP","No","","","","","","","","","","",,,"Services","Purchases","","Class RK1, LPS-RK-SP Series, Time-Delay, 150 A, 600 V AC, 300 V DC, Non-Indicating","Class RK1, LPS-RK-SP Series, Time-Delay, 150 A, 600 V AC, 300 V DC, Non-Indicating",
"Bussmann Fuse, LPS-RK-175SP","Bussmann Fuse, LPS-RK-175SP",0,"Non-Inventory","Single","Fuse","LPS-RK-175SP","No","","","","","","","","","","",,,"Services","Purchases","","Class RK1, LPS-RK-SP Series, Time-Delay, 175 A, 600 V AC, 300 V DC, Non-Indicating","Class RK1, LPS-RK-SP Series, Time-Delay, 175 A, 600 V AC, 300 V DC, Non-Indicating",
"Bussmann Fuse- FRS-R-150","Bussmann Fuse- FRS-R-150",0,"Non-Inventory","Single",,"150 Amp, 600V, Class RK5,","Yes","","","","","","","","","","",,,"Services","","",,,
"Bussmann LPS-RK-225","Bussmann LPS-RK-225",0,"Non-Inventory","Single",,"225A, 600Vac, 300kA@600V AC, dual element, current limiting, time-delay fuses","Yes","","","","","","","","","","",,,"Services","","",,,
"C2080HSS A1 EVP 209P","C2080HSS A1 EVP 209P",0,"Non-Inventory","Single","Chain","38950","No","","","","","","","","","","",1537.11,2459.38,"Services","Purchases","","SS Chain, 420""Length, Db Pitch; PreStretched+Matched
Customer item: M15465","CL SET/2 EL2
SS Chain, 420""Length, Db Pitch; PreStretched+Matched",
"C2080HSS A1 EVP 365P","C2080HSS A1 EVP 365P",0,"Non-Inventory","Single",,"45949","No","","","","","","","","","","",2679.99,4286.34,"Services","Purchases","","SS Chain,732""Length, Db Pitch; PreStretched+ Matched
Customer item: M23104","CL SET/2 EL2
SS Chain,732"" Length, Db Pitch; PreStretched+ Matched",
"CAB Doors WHT, 3657223","CAB Doors WHT, 3657223",0,"Non-Inventory","Single",,"3657223","No","","","","","","","","","","",13946.25,11157,"Services","Purchases","","KIT DOOR SWG CAB W/HDL WHT ARCTIC","KIT DOOR SWG CAB W/HDL WHT ARCTIC",
"CLA CONNECTOR 90 DEGREEV, 40012139","CLA CONNECTOR 90 DEGREEV, 40012139",0,"Non-Inventory","Single",,"81050642 / 40012139","No","","","","","","","","","","",63.84,49.08,"Services","Purchases","","Stainless Steel
Customer item: M22845","Stainless Steel",
"CRC Food Grade Silicone, 10 Wt Oz, Multi-Purpose Silicone Lubricant","CRC Food Grade Silicone, 10 Wt Oz, Multi-Purpose Silicone Lubricant",0,"Non-Inventory","Single",,,"No","","","","","","","","","","",,,"Services","","","High Temperature Applications, NSF H1 Registered Aerosol Spray",,
"CURT CLOS PAD TOP PNYA GRAY S, 2122166","CURT CLOS PAD TOP PNYA GRAY S, 2122166",0,"Non-Inventory","Single",,"2122166","No","","","","","","","","","","",501.25,401,"Services","Purchases","","Upper Canopy","Upper Canopy",
"CURVE BELT ASSY C5036, ‭6800029042‬","CURVE BELT ASSY C5036, ‭6800029042‬",0,"Non-Inventory","Single",,"‭6800029042‬","No","","","","","","","","","","",3663.15,2747.36,"Services","Purchases","","SP15 SR 40L 6ED","SP15 SR 40L 6ED",
"Cam Follower","Cam Follower",0,"Non-Inventory","Single",,,"Yes","","","","","","","","","","",,,"Services","Purchases","",,,
"Cam Follower , CYR-1-1/4 S CR","Cam Follower , CYR-1-1/4 S CR",0,"Non-Inventory","Single",,"CYR-1-1/4 S CR","Yes","","","","","","","","","","",74.7,64.95,"Services","Purchases","","CAM FOLLOWER CORROSION-RESISTANT
ø1¼"" 3/8"" BORE SHAFT- MOUNT SS440C
Item # M18683","YR-1-1/4-X-SS
CAM FOLLOWER CORROSION-RESISTANT
ø1¼"" 3/8"" BORE SHAFT- MOUNT SS440C
Item # M18683",
"Cam Follower - Corrosion Resistant, CAMROL Series, CF 3/4 SB CR","Cam Follower - Corrosion Resistant, CAMROL Series, CF 3/4 SB CR",0,"Non-Inventory","Single",,"CR-3/4-XB-AG/ CR12VBUU","No","","","","","","","","","","",19.99,10.81,"Services","Purchases","","¾ inch Roller Dia, ½ inch Roller Width, ⅜  inch Stud Dia, Sealed, Stainless Steel
Customer item: M692","¾ inch Roller Dia, ½ inch Roller Width, ⅜  inch Stud Dia, Sealed, Stainless Steel",
"Cam Follower - Corrosion Resistant, CR12-VBUU","Cam Follower - Corrosion Resistant, CR12-VBUU",0,"Non-Inventory","Single",,"CR12-VBUU","No","","","","","","","","","","",19.99,,"Services","Purchases","","¾ inch Roller Dia, ½ inch Roller Width, ⅜  inch Stud Dia, Sealed
Customer item: M13082","¾ inch Roller Dia, ½ inch Roller Width, ⅜  inch Stud Dia, Sealed
Customer item: M13082",
"Cam Follower,  CF-½-SB-CR","Cam Follower,  CF-½-SB-CR",0,"Non-Inventory","Single",,"CF-½-SB-CR","No","","","","","","","","","","",,,"Services","","","½"" Cam Follower, SS 440C, #10-32
Customer Item: M22700",,
"Cam Follower, CF 1-1/4 SB","Cam Follower, CF 1-1/4 SB",0,"Non-Inventory","Single","Bearings:Cam Follower","CF 1-1/4 SB","No","","","","","","","","","","",20.39,12.32,"Services","Purchases","","1.25 inch Roller Dia, 0.75 inch Roller Width, 0.5 inch Stud Dia, Sealed, Steel Material
Customer item: M8447","1.25 inch Roller Dia, 0.75 inch Roller Width, 0.5 inch Stud Dia, Sealed, Steel Material
Customer item: M8447",
"Cam Follower, CF-1-½-SB-CR","Cam Follower, CF-1-½-SB-CR",0,"Non-Inventory","Single",,"CF-1-½-SB-CR","No","","","","","","","","","","",115.99,70,"Services","Purchases","","1.5 inch Diameter, 0.875 inch Width, 0.25 inch Stud Diameter, Sealed, Stainless Steel
Customer item: M16548","1.5 inch Diameter, 0.875 inch Width, 0.25 inch Stud Diameter, Sealed, Stainless Steel
Customer item: M16548",
"Cam Follower, CR-1-1/2-XB-SS","Cam Follower, CR-1-1/2-XB-SS",0,"Service","Single","Bearings:Cam Follower","CF-1½ -SB-CR / CR-1-1/2-XB-SS","No","","","","","","","","","","",115.99,70,"Services","Purchases","","VI: CF-1½ -SB-CR / CR-1-1/2-XB-SS
SS, ø1½ OD, Sealed
Item : M16548","VI: CF-1½ -SB-CR / CR-1-1/2-XB-SS
SS, ø1½ OD, Sealed
Item : M16548",
"Cam Follower, CYR 1-¼ S, Stainless Steel","Cam Follower, CYR 1-¼ S, Stainless Steel",0,"Non-Inventory","Single",,"CYR 1-¼ S/ YR-1-1/4-X-AG","No","","","","","","","","","","",79.99,14.37,"Services","Purchases","","Flat Yoke Roller - 1.2500 in Roller Diameter, 0.3750 in Bore, 0.7500 in Roller Width, Sealed
Customer Item: M496","Flat Yoke Roller - 1.2500 in Roller Diameter, 0.3750 in Bore, 0.7500 in Roller Width, Sealed",
"Cam Follower, HR-3/4-XB-SS","Cam Follower, HR-3/4-XB-SS",0,"Non-Inventory","Single",,"HR-3/4-XB-SS","No","","","","","","","","","","",69.25,55,"Services","Purchases","","VI: HR-3/4-XB-SS / SCH-24-SB
SS, ø¾ ROLLER, 7/16-20 STUD, SEALED, HEA","VI: HR-3/4-XB-SS / SCH-24-SB
SS, ø¾ ROLLER, 7/16-20 STUD, SEALED, HEA",
"Cam Follower, SCH-24-SB","Cam Follower, SCH-24-SB",0,"Non-Inventory","Single",,"SCH-24-SB","No","","","","","","","","","","",69.25,55,"Services","Purchases","","Stainless Steel, HD, Sealed, Hex,  ø¾ ROLLER, 7/16-20 STUD
Customer item: M18354","Stainless Steel, HD, Sealed, Hex,  ø¾ ROLLER, 7/16-20 STUD
Customer item: M18354",
"Cam Lock, ¼ TURN","Cam Lock, ¼ TURN",0,"Non-Inventory","Single","Latch Locks","F4S001250-1","No","","","","","","","","","","",2.49,,"Sales of Product Income","","","Enclosure Latch, 316 SS
Customer Item# E14199",,
"Cam-Follower ø1½","Cam-Follower ø1½",0,"Non-Inventory","Single",,,"Yes","","","","","","","","","","",24.99,,"Services","","","ø1½ 
CR24BUU",,
"Cam-Follower, CR-3/4-XB-SS","Cam-Follower, CR-3/4-XB-SS",0,"Non-Inventory","Single",,"SC-24-SB/ CR-3/4-XB-SS","No","","","","","","","","","","",69.99,60.25,"Services","Purchases","","0.75 inch Roller Dia, 0.5 inch Roller Width, 0.375 inch Stud Dia, 0.875 inch Stud Length, Stainless Steel
Customer item: M12337","0.75 inch Roller Dia, 0.5 inch Roller Width, 0.375 inch Stud Dia, 0.875 inch Stud Length, Stainless Steel
Customer item: M12337",
"Capacitor","Capacitor",0,"Non-Inventory","Single",,,"Yes","","","","","","","","","","",20,12,"Services","Purchases","","For Motor, CAP 4 MFD 370 VAC","For Motor, CAP 4 MFD 370 VAC",
"Carousel Assembly Pallets Support U7500","Carousel Assembly Pallets Support U7500",0,"Non-Inventory","Single",,"U7500","No","","","","","","","","","","",,,"Services","Purchases","","PALLET SUPPORT, STD. PALLET, ASSEMBLY (INCLUDES BRONZE BUSHINGS, DRIVE DOG, UPPER AND LOWER SUPPORT WHEELS AND ASSOCIATED HARDWARE, ASSEMBLED)","PALLET SUPPORT, STD. PALLET, ASSEMBLY (INCLUDES BRONZE BUSHINGS, DRIVE DOG, UPPER AND LOWER SUPPORT WHEELS AND ASSOCIATED HARDWARE, ASSEMBLED)",
"Carousel Wheels, 800001","Carousel Wheels, 800001",0,"Non-Inventory","Single",,"PART #800001","No","","","","","","","","","","",15.86,11.75,"Services","Purchases","","4 inch OEM Yellow Carousel Wheels","4 inch OEM Yellow Carousel Wheels",
"Caster Wheel, 600 lb., 8 D x 2 In., 2RZJ9","Caster Wheel, 600 lb., 8 D x 2 In., 2RZJ9",0,"Non-Inventory","Single",,"2RZJ9","No","","","","","","","","","","",32.24,23.21,"Services","Purchases","","Hub Length: 2 7/16 inch, Fits Axle Dia. 1/2 inch, Wheel Dia.: 8 inch, Wheel Width: 2 inch, Bore Dia.: 1/2 inch, Axle Size: 1/2 inch","Hub Length: 2 7/16 inch, Fits Axle Dia. 1/2 inch, Wheel Dia.: 8 inch, Wheel Width: 2 inch, Bore Dia.: 1/2 inch, Axle Size: 1/2 inch",
"Certified GPU Cable Assembly, JB8816-80","Certified GPU Cable Assembly, JB8816-80",0,"Non-Inventory","Single",,"JB8816-80","No","","","","","","","","","","",,,"Services","Purchases","","80' 400 Hz 260 Amp Single Jacket ETL, JB7178X Nose, No PB'S","80' 400 Hz 260 Amp Single Jacket ETL, JB7178X Nose, No PB'S",
"Chain Guide Rail, VG-SSCG-#80-20","Chain Guide Rail, VG-SSCG-#80-20",0,"Non-Inventory","Single","Rail:Chain Guide","VG-SSCG-#80-20","No","","","","","","","","","","",0.8,0.6125,"Services","Purchases","","#80 Roller Chain Guide, 5/8 inch Width, 0.84 inch Height, 20 ft Overall Length
Customer item: M8989N","#80 Roller Chain Guide, 5/8 inch Width, 0.84 inch Height, 20 ft Overall Length
Customer item: M8989N",
"Chain Lubricator Pump, 400 ML","Chain Lubricator Pump, 400 ML",0,"Non-Inventory","Single","Chain:Chain Lubricator","40014912","No","","","","","","","","","","",,,"Services","Purchases","","CLA Pump 2A, 2 Output
Customer item: M22843","CLA Pump 2A, 2 Output",
"Chesterton 442-40, 5.00”, RSC/RSC/EP Split Seal","Chesterton 442-40, 5.00”, RSC/RSC/EP Split Seal",0,"Non-Inventory","Single","Bearing Isolator","687488","No","","","","","","","","","","",12396.25,9917,"Services","Purchases","","442-40, 5.00”, RSC/RSC/EP Split Seal","442-40, 5.00”, RSC/RSC/EP Split Seal",
"Climax Metal Products C200E-175","Climax Metal Products C200E-175",0,"Non-Inventory","Single","Power Lock","C200E-175","No","","","","","","","","","","",77.99,64.43,"Services","Purchases","","Cap Screw Clamping Keyless Bushing - C200 Series, 1.7500 inch ID, 2.9528 inch OD, 0.9450 inch LTB
Customer item: M3455","Cap Screw Clamping Keyless Bushing - C200 Series, 1.7500 inch ID, 2.9528 inch OD, 0.9450 inch LTB
Customer item: M3455",
"Climax Metal Products C200E-200","Climax Metal Products C200E-200",0,"Non-Inventory","Single","Power Lock","C200E-200","No","","","","","","","","","","",93.49,71.6,"Services","Purchases","","Cap Screw Clamping Keyless Bushing - C200 Series, 2.0000 inch ID, 3.3465 inch OD, 0.9450 inch LTB
Customer item: M3453","Cap Screw Clamping Keyless Bushing - C200 Series, 2.0000 in ID, 3.3465 in OD, 0.9450 in LTB
Customer item: M3453",
"Climax Metal Products, C200E-150","Climax Metal Products, C200E-150",0,"Non-Inventory","Single","Power Lock","C200E-150","No","","","","","","","","","","",66.49,53.77,"Services","Purchases","","Cap Screw Clamping Keyless Bushing - C200 Series, 1.5000 inch ID, 2.5591 inch OD, 0.7874 inch LTB
Customer item: M3440","Cap Screw Clamping Keyless Bushing - C200 Series, 1.5000 inch ID, 2.5591 inch OD, 0.7874 inch LTB
Customer item: M3440",
"Climax Metal Products, C200E-175-S","Climax Metal Products, C200E-175-S",0,"Non-Inventory","Single","Power Lock","C200E-175-S","No","","","","","","","","","","",263.99,219.95,"Services","Purchases","","Series C200 Locking Assembly
Customer item: M20596","Series C200 Locking Assembly
Customer item: M20596",
"Climax Metal Products, C200E-193","Climax Metal Products, C200E-193",0,"Non-Inventory","Single","Power Lock","C200E-193","No","","","","","","","","","","",88.29,67.9,"Services","Purchases","","C200 Series, 1.9375 inch ID, 3.1496 inch OD, 0.9450 inch LTB
Customer item: M13166","C200 Series, 1.9375 inch ID, 3.1496 inch OD, 0.9450 inch LTB
Customer item: M13166",
"Coalescing Filter Element, 51-230-40L","Coalescing Filter Element, 51-230-40L",0,"Service","Single",,"51-230-40L","No","","","","","","","","","","",52.99,39,"Services","Purchases","","-Bonded Microfiber Filter Element
-99.99% Removal of .01 Micron Liquids/Solid
-Alternate to Balston 200-35-SA","-Bonded Microfiber Filter Element
-99.99% Removal of .01 Micron Liquids/Solid
-Alternate to Balston 200-35-SA",
"Coalescing Filter Element, 51-230-50CS","Coalescing Filter Element, 51-230-50CS",0,"Non-Inventory","Single",,"51-230-50CS","No","","","","","","","","","","",52.99,39,"Services","Purchases","","-Bonded Microfiber Filter Element
-99.99% Removal of .01 Micron Liquids/Solid
-Alternate to Balston 200-35-BX","-Bonded Microfiber Filter Element
-99.99% Removal of .01 Micron Liquids/Solid
-Alternate to Balston 200-35-BX",
"Coalescing Filter Element, 51-230-70CS","Coalescing Filter Element, 51-230-70CS",0,"Non-Inventory","Single",,"51-230-70CS","No","","","","","","","","","","",52.99,39,"Services","Purchases","","-Bonded Microfiber Filter Element
-Borosilicate Glass / Silica Binder
-95% Removal of .01 Micron Liquids/Solids","-Bonded Microfiber Filter Element
-Borosilicate Glass / Silica Binder
-95% Removal of .01 Micron Liquids/Solids",
"Cogged Wedge V-Belt, 3VX800","Cogged Wedge V-Belt, 3VX800",0,"Non-Inventory","Single","Belt","3VX800","No","","","","","","","","","","",15,12,"Services","Purchases","","8 inch Top Width, 1 Strand, 80 inch Nominal Outside Length, Cogged","8 inch Top Width, 1 Strand, 80 inch Nominal Outside Length, Cogged",
"Cogged Wedge, V-Belt, 3VX710","Cogged Wedge, V-Belt, 3VX710",0,"Non-Inventory","Single","Belt","3VX710","No","","","","","","","","","","",13.38,10.7,"Services","Purchases","","3/8 inch Top Width, 1 Strand, 71 inch Nominal Outside Length","3/8 inch Top Width, 1 Strand, 71 inch Nominal Outside Length",
"Cogged Wedge, V-Belt, 3VX950","Cogged Wedge, V-Belt, 3VX950",0,"Non-Inventory","Single","Belt","3VX950","No","","","","","","","","","","",18.25,14.6,"Services","Purchases","","3/8 inch Top Width, 1 Strand, 95 inch Nominal Outside Length, Cogged","3/8 inch Top Width, 1 Strand, 95 inch Nominal Outside Length, Cogged",
"Cogged, Wedge V-Belt, 3VX430","Cogged, Wedge V-Belt, 3VX430",0,"Non-Inventory","Single",,"3VX430","No","","","","","","","","","","",,,"Services","Purchases","","43 in Outside Length, 3/8 in Top Width, 5/16 in Thickness","43 in Outside Length, 3/8 in Top Width, 5/16 in Thickness",
"Compatible HP 148X HY","Compatible HP 148X HY",0,"Non-Inventory","Single",,"W1480XCTA","No","","","","","","","","","","",383.99,,"Services","","","Black Toner Cartridge 5-Pack",,
"Connecting Link Attachment","Connecting Link Attachment",0,"Non-Inventory","Single","Roller Chain","#50 A1 SS Connecting Link","No","","","","","","","","","","",7.95,5.8,"Services","Purchases","","50 / 5/8 in Pitch, A-1 Attachment
Customer item: M11661","50 / 5/8 in Pitch, A-1 Attachment
Customer item: M11661",
"Connecting Link Attachment, # 40A1","Connecting Link Attachment, # 40A1",0,"Non-Inventory","Single","Roller Chain","# 40A1","No","","","","","","","","","","",6.64,2.35,"Services","Purchases","","40 / 1/2 in Pitch, A-1 Attachment, Spring Clip, Stainless Steel Material
Customer item: M115","40 / 1/2 in Pitch, A-1 Attachment, Spring Clip, Stainless Steel Material
Customer item: M115",
"Connecting Link, C2080H","Connecting Link, C2080H",0,"Non-Inventory","Single","Chain","C2080H","No","","","","","","","","","","",6.25,5,"Services","Purchases","",,,
"Connecting Pin, 25 FT Length","Connecting Pin, 25 FT Length",0,"Non-Inventory","Single",,"G712505128","No","","","","","","","","","","",122.39,101.99,"Services","Purchases","","Conveyor Belt Stainless Steel","Conveyor Belt Stainless Steel",
"Conveyor Belt ASSY 48C39 F45 27T PVOP LBSS","Conveyor Belt ASSY 48C39 F45 27T PVOP LBSS",0,"Non-Inventory","Single","Belt:Conveyor Belt","176342-316994/ 02-0000081","No","","","","","","","","","","",1855,1576.75,"Services","Purchases","","Conveyor No.: TC2-23
Model No.: 48C39-45
Serial No.: 176342-316994","Conveyor No.: TC2-23
Model No.: 48C39-45
Serial No.: 176342-316994",
"Conveyor Belt ASSY BELT ASSY 60HS57SP90","Conveyor Belt ASSY BELT ASSY 60HS57SP90",0,"Non-Inventory","Single","Belt","60HS57SP90","No","","","","","","","","","","",5606,4765.1,"Services","Purchases","","24ED SRFR 306L 40T","24ED SRFR 306L 40T",
"Conveyor Belt BELT ASSY 48C39 F90, 65101198","Conveyor Belt BELT ASSY 48C39 F90, 65101198",0,"Non-Inventory","Single","Belt:Conveyor Belt","65101198","No","","","","","","","","","","",2662,2262.7,"Services","Purchases","","PVOP 227L 27T","PVOP 227L 27T",
"Conveyor Belt BELT ASSY 48C39 SP45, 65101205","Conveyor Belt BELT ASSY 48C39 SP45, 65101205",0,"Non-Inventory","Single","Belt:Conveyor Belt","65101205","No","","","","","","","","","","",2189,1860.65,"Services","Purchases","","SRFR 116L 12ED","SRFR 116L 12ED",
"Conveyor Belt, 48C39, F45, 65101197","Conveyor Belt, 48C39, F45, 65101197",0,"Non-Inventory","Single","Belt:Conveyor Belt","65101197","No","","","","","","","","","","",1811,1539.35,"Services","Purchases","","PVOP 114.5L 27T","PVOP 114.5L 27T",
"Conveyor Belt, 5376087139V4","Conveyor Belt, 5376087139V4",0,"Non-Inventory","Single","Belt:Conveyor Belt","5376087139V4/ 906434","No","","","","","","","","","","",412.99,344.2,"Services","Purchases","","Width: 3 inch 2¼ inch, Color: Black,  87‐ ⅛ inch Length, For Postively Tracked Conveyor W/(2) Nylon Guides","Width: 3 inch 2¼ inch, Color: Black,  87‐ ⅛ inch Length, For Postively Tracked Conveyor W/(2) Nylon Guides",
"Conveyor Belt, 5376108539-0","Conveyor Belt, 5376108539-0",0,"Non-Inventory","Single","Belt:Conveyor Belt","5376108539-0","No","","","","","","","","","","",502.95,402.36,"Services","Purchases","","W/(2) NYLON GUIDES, E 8/2 U0/V15 LG-FR BLACK
Length: 2,759 mm/ 108.622 inch
Width: 972 mm
ADV Transilon With mech. fasteners HS
Cut-off angle: 90","W/(2) NYLON GUIDES, E 8/2 U0/V15 LG-FR BLACK
Length: 2,759 mm/ 108.622 inch
Width: 972 mm
ADV Transilon With mech. fasteners HS
Cut-off angle: 90",
"Conveyor Belt, 5376146157-0","Conveyor Belt, 5376146157-0",0,"Non-Inventory","Single","Belt:Conveyor Belt","5376146157-0","No","","","","","","","","","","",839.61,671.69,"Services","Purchases","","W/(2) NYLON GUIDES, E 8/2 U0/V15 LG-FR BLACK
Length: 146.13 inch
Width: 56.25 inch
Length: 3,712 mm
Width: 1,429 mm
ADV Transilon With mech. fasteners HS
Cut-off angle 90","W/(2) NYLON GUIDES, E 8/2 U0/V15 LG-FR BLACK
Length: 146.13 inch
Width: 56.25 inch
Length: 3,712 mm
Width: 1,429 mm
ADV Transilon With mech. fasteners HS
Cut-off angle 90",
"Conveyor Belt, 5376150157-0","Conveyor Belt, 5376150157-0",0,"Non-Inventory","Single","Belt:Conveyor Belt","5376150157-0","No","","","","","","","","","","",855.81,684.65,"Services","Purchases","","W/(2) NYLON GUIDES, E 8/2 U0/V15 LG-FR BLACK
Length: 3,810 mm
Width: 1,429 mm
ADV Transilon With mech. fasteners HS
Cut-off angle 90","W/(2) NYLON GUIDES, E 8/2 U0/V15 LG-FR BLACK
Length: 3,810 mm
Width: 1,429 mm
ADV Transilon With mech. fasteners HS
Cut-off angle 90",
"Conveyor Belt, E 12/2 U0/V6 GSTR-C-FR BLACK, 8112840736V4-0","Conveyor Belt, E 12/2 U0/V6 GSTR-C-FR BLACK, 8112840736V4-0",0,"Non-Inventory","Single","Belt:Conveyor Belt","8112840736V4-0","No","","","","","","","","","","",1538.23,1230.58,"Services","Purchases","","Length: 284.00 inch, Width: 36.00 inch, ADV Transilon: With mech. fasteners HS, Cut-off angle: 90","Length: 284.00 inch, Width: 36.00 inch, ADV Transilon: With mech. fasteners HS, Cut-off angle: 90",
"Conveyor Belt, E 8/2 U0/V15 LG-FR BLACK, 5376087539V4-0","Conveyor Belt, E 8/2 U0/V15 LG-FR BLACK, 5376087539V4-0",0,"Non-Inventory","Single","Belt:Conveyor Belt","5376087539V4-0","No","","","","","","","","","","",454.65,363.72,"Services","Purchases","","Length 2,226 mm, Width 972 mm, ADV Transilon With mech. fasteners HS, Cut-off angle 90, Mechanical Fastener HS-44 stainless complete","Length 2,226 mm, Width 972 mm, ADV Transilon With mech. fasteners HS, Cut-off angle 90, Mechanical Fastener HS-44 stainless complete",
"Conveyor Belt, E 8/2 U0/V15 LG-FR BLACK, 906434, 108.75 inch","Conveyor Belt, E 8/2 U0/V15 LG-FR BLACK, 906434, 108.75 inch",0,"Non-Inventory","Single","Belt","906434","No","","","","","","","","","","",503.19,402.55,"Services","Purchases","","Length: 108.75 inch, Width: 38.25 inch, Length: 2,762 mm, Width: 972 mm, Cut-off angle: 90, Long. profile on bottom face: K 13-V60 notched gre","Length: 108.75 inch, Width: 38.25 inch, Length: 2,762 mm, Width: 972 mm, Cut-off angle: 90, Long. profile on bottom face: K 13-V60 notched green",
"Conveyor Belt, E 8/2 U0/V15, 5376111039V4‐0","Conveyor Belt, E 8/2 U0/V15, 5376111039V4‐0",0,"Non-Inventory","Single","Belt:Conveyor Belt","5376111039V4‐0","No","","","","","","","","","","",529.99,408.35,"Services","Purchases","","FOR POSITIVELY TRACKED CONVEYOR, W/(2) NYLON GUIDES, LG-FR BLACK
Length: 2,819 mm/ 111 inch 
Width: 972 mm
Cut-off angle: 90
Mechanical Fastener HS-44 stainless complete","FOR POSITIVELY TRACKED CONVEYOR, W/(2) NYLON GUIDES, LG-FR BLACK
Length: 2,819 mm/ 111 inch 
Width: 972 mm
Cut-off angle: 90
Mechanical Fastener HS-44 stainless complete",
"Conveyor Belting Open Ends Laced with 375 Stainless Steel Fasteners Installed","Conveyor Belting Open Ends Laced with 375 Stainless Steel Fasteners Installed",0,"Non-Inventory","Single",,,"No","","","","","","","","","","",,,"Services","Purchases","","3 PLY, 3/16 X 1/16 INCHES MOR (#77A) 290FT LONG X 24” WIDE","3 PLY, 3/16 X 1/16 INCHES MOR (#77A) 290FT LONG X 24” WIDE",
"Conveyor Pulley 6” Diameter X 26” Wide With PXT 25B X 1-1/4” BUSHINGS With SHAFT 1-1/4” Diameter X 3","Conveyor Pulley 6” Diameter X 26” Wide With PXT 25B X 1-1/4” BUSHINGS With SHAFT 1-1/4” Diameter X 3",0,"Non-Inventory","Single",,,"No","","","","","","","","","","",,,"Services","Purchases","","Pulley Lagged With ½” SBR 60 Duro Rubber. FINISHED OD IS = 6.625” Diameter, Center Crown.","Pulley Lagged With ½” SBR 60 Duro Rubber. FINISHED OD IS = 6.625” Diameter, Center Crown.",
"Cooper Bussmann, LPJ-110SP","Cooper Bussmann, LPJ-110SP",0,"Non-Inventory","Single","Fuse","LPJ-110SP","No","","","","","","","","","","",,,"Services","Purchases","","110A, 600V, Low-Peak Time-Delay Fuse Class J","110A, 600V, Low-Peak Time-Delay Fuse Class J",
"Corrosion-Resistant Shaft-Mount Track Roller","Corrosion-Resistant Shaft-Mount Track Roller",0,"Non-Inventory","Single",,"7796K83","No","","","","","","","","","","",,,"Services","","","1-¼"" Roller Diameter, 3/4"" Roller Width
Customer item: M18683",,
"Corrosion-Resistant Threaded Track Roller 440C Stainless Steel, Flat","Corrosion-Resistant Threaded Track Roller 440C Stainless Steel, Flat",0,"Non-Inventory","Single",,"8043K77","No","","","","","","","","","","",,,"Services","Purchases","","1"" Roller Diameter, 5/8"" Roller Width
Customer Item: M18684","1"" Roller Diameter, 5/8"" Roller Width",
"Counselling","Counselling",0,"Non-Inventory","Single",,,"No","","","","","","","","","","",,,"Services","Purchases","",,,
"Coupling","Coupling",0,"Non-Inventory","Single",,,"No","","","","","","","","","","",,,"Services","Purchases","",,,
"Crate for roll, 119"" L x 8"" Dia, Approx # 1000lb. Conforms to ISPM-15 International Standard for Phy","Crate for roll, 119"" L x 8"" Dia, Approx # 1000lb. Conforms to ISPM-15 International Standard for Phy",0,"Non-Inventory","Single",,"Crate for roll","No","","","","","","","","","","",337.5,337.5,"Services","Purchases","","Crate for roll","Crate for roll",
"Credit Card","Credit Card",0,"Service","Single",,,"Yes","","","","","","","","","","",,,"Services","","",,,
"Custom Sticker","Custom Sticker",0,"Non-Inventory","Single",,,"No","","","","","","","","","","",8.78,,"Services","Purchases","","Split Back Custom Sticker
Material: Glossy Stickers
Shape: Rectangle
Size: W: 2 x H: 1
Thickness: 5 mil
White BOPP, Glossy PET
Waterproof, UV resistant","Split Back Custom Sticker
Material: Glossy Stickers
Shape: Rectangle
Size: W: 2 x H: 1
Thickness: 5 mil
White BOPP, Glossy PET
Waterproof, UV resistant",
"Cut & Polish Disc, 4 in Diameter Disc, Medium Grade, Aluminum Oxide Abrasive, Nylon Fiber Backing, 6","Cut & Polish Disc, 4 in Diameter Disc, Medium Grade, Aluminum Oxide Abrasive, Nylon Fiber Backing, 6",0,"Non-Inventory","Single","ABRASIVE","F4S000300","Yes","","","","","","","","","","",3.95,,"Sales of Product Income","Cost of goods sold","","Specifications:","Specifications:",
"DC POWER SUPPLY, AP-PS0014","DC POWER SUPPLY, AP-PS0014",0,"Non-Inventory","Single",,"AP-PS0014","No","","","","","","","","","","",986.13,788.9,"Services","Purchases","",,,
"DEWALT Abrasive Cut-Off Wheel, Type 1","DEWALT Abrasive Cut-Off Wheel, Type 1",0,"Non-Inventory","Single",,"DW8062","No","","","","","","","","","","",,,"Services","Purchases","","4 1/2 in Dia, 0.045 in Thick, 7/8 in Arbor Hole Size, 60 Grit","4 1/2 in Dia, 0.045 in Thick, 7/8 in Arbor Hole Size, 60 Grit",
"DIN RAIL BRACKETS, 1799-BRKD","DIN RAIL BRACKETS, 1799-BRKD",0,"Non-Inventory","Single",,"1799-BRKD","No","","","","","","","","","","",56.01,,"Services","Purchases","","EMBEDDED INPUT/OUTPUT","EMBEDDED INPUT/OUTPUT",
"DIN Rail Slotted Aluminum RoHS 1 Meter Long 35mm 7.5mm","DIN Rail Slotted Aluminum RoHS 1 Meter Long 35mm 7.5mm",0,"Non-Inventory","Single","DIN Rail Slotted Aluminum RoHS","DIN Rail","No","","","","","","","","","","",,,"Services","","","DIN Rail Slotted Aluminum RoHS 1 Meter Long 35mm 7.5mm",,
"DRIVE PULLEY, ‭6800014605‬","DRIVE PULLEY, ‭6800014605‬",0,"Non-Inventory","Single",,"6800014605‬","No","","","","","","","","","","",2215.76,1661.82,"Services","Purchases","","P49387IO/140","P49387IO/140",
"Default for Unmatched Products","Default for Unmatched Products",0,"Non-Inventory","Single",,,"No","","","","","","","","","","",,,"Sales of Product Income","","","Default for Unmatched Products (MyWorks Sync)",,
"Dell OptiPlex 7040","Dell OptiPlex 7040",0,"Non-Inventory","Single",,"7040","No","","","","","","","","","","",,,"Services","Purchases","","Micro Desktop Intel i5-6500T 2.5GHz 8GB RAM 256GB SSD, AC Adapter, (No Operating System)","Micro Desktop Intel i5-6500T 2.5GHz 8GB RAM 256GB SSD, AC Adapter, (No Operating System)",
"Disc Limit Switch L225F Replaces 08-2719-00 CNT03670","Disc Limit Switch L225F Replaces 08-2719-00 CNT03670",0,"Non-Inventory","Single",,"08-2719-00 CNT03670","No","","","","","","","","","","",133.99,106.99,"Services","Purchases","","OEM Trane American Standard Furnace","OEM Trane American Standard Furnace",
"Dodge Custom Quantis Speed Reducer","Dodge Custom Quantis Speed Reducer",0,"Non-Inventory","Single",,"BF483LN140TC11.95A4TI1.4375 X 7.87","No","","","","","","","","","","",2739.99,2537.89,"Services","Purchases","","BF483LN140TC11.95A4TI1.4375 X 7.87","BF483LN140TC11.95A4TI1.4375 X 7.87",
"Dodge Custom Quantis Speed Reducerr","Dodge Custom Quantis Speed Reducerr",0,"Non-Inventory","Single","Reducer","BF883LN180TC41.5A1TI1.9375 X 10.58","No","","","","","","","","","","",4544.99,4204.29,"Services","Purchases","","BF883LN180TC41.5A1TI1.9375 X 10.58","BF883LN180TC41.5A1TI1.9375 X 10.58",
"Dodge Flange Ball Bearing, F2B-SC-107, 124278","Dodge Flange Ball Bearing, F2B-SC-107, 124278",0,"Non-Inventory","Single","Bearings","F2B-SC-107, 124278","No","","","","","","","","","","",121.04,90.78,"Services","Purchases","","1-7/16 inch Bore, 2-Bolt Flange Mount, Set Screw Locking, Cast Iron Housing Material","1-7/16 inch Bore, 2-Bolt Flange Mount, Set Screw Locking, Cast Iron Housing Material",
"Dodge Flange Mount Ball Bearing","Dodge Flange Mount Ball Bearing",0,"Non-Inventory","Single",,"F2B-SC-111","No","","","","","","","","","","",,,"Services","Purchases","","1-11/16 in Bore, 2-Bolt Flange Mount, Set Screw Locking, Cast Iron Housing Material, F2B-SC-111","1-11/16 in Bore, 2-Bolt Flange Mount, Set Screw Locking, Cast Iron Housing Material, F2B-SC-111",
"Dodge Flange bearing, 065612, F2B-DL-111-ABHS","Dodge Flange bearing, 065612, F2B-DL-111-ABHS",0,"Non-Inventory","Single","Bearings:Flange Bearings","065612 F2B-DL-111-ABHS","No","","","","","","","","","","",247.53,185.65,"Services","Purchases","","Bore Diameter: 1-11/16 inch, Mounting Type: 2-Bolt Flange, Housing Material: Cast Iron, Locking Device: Concentric Collar, Expansion Type: Non-Expansion Bearing (Fixed)","Bore Diameter: 1-11/16 inch, Mounting Type: 2-Bolt Flange, Housing Material: Cast Iron, Locking Device: Concentric Collar, Expansion Type: Non-Expansion Bearing (Fixed)",
"Dodge Flange-Mount Ball Bearing, F2B-DL-115-ABHS","Dodge Flange-Mount Ball Bearing, F2B-DL-115-ABHS",0,"Non-Inventory","Single","Bearings:Flange Bearings","F2B-DL-115-ABHS, 078344","No","","","","","","","","","","",274.56,205.92,"Services","Purchases","","1-15/16 inch Bore, 2-Bolt Flange Mount, Clamp Collar Locking, Cast Iron Housing Material, Non-Expansion Bearing (Fixed)","1-15/16 inch Bore, 2-Bolt Flange Mount, Clamp Collar Locking, Cast Iron Housing Material, Non-Expansion Bearing (Fixed)",
"Dodge Inline Speed Reducer , E241154","Dodge Inline Speed Reducer , E241154",0,"Non-Inventory","Single","Reducer","E241154","No","","","","","","","","","","",2331.55,1748.66,"Services","Purchases","","09:1 Reduction, 9:1 Ratio, 0.7500 in Input Size, Hollow Output Type, Cast Iron Housing Material","09:1 Reduction, 9:1 Ratio, 0.7500 in Input Size, Hollow Output Type, Cast Iron Housing Material",
"Dodge Shaft Mount Speed Reducer, TXT109AT","Dodge Shaft Mount Speed Reducer, TXT109AT",0,"Non-Inventory","Single","Reducer","TXT109AT","No","","","","","","","","","","",2185.83,1748.66,"Services","Purchases","","9:1 Ratio, 0.7500 in Input Shaft Size, Output Bore Type: Hollow","9:1 Ratio, 0.7500 in Input Shaft Size, Output Bore Type: Hollow",
"Dodge TXT105ET ABHS REDUCER, 251120","Dodge TXT105ET ABHS REDUCER, 251120",0,"Non-Inventory","Single",,"251120","No","","","","","","","","","","",2185.83,1639.37,"Services","Purchases","","5:1 Ratio, 1.1250 inch Input Shaft Size, Output Bore Type: Hollow","5:1 Ratio, 1.1250 inch Input Shaft Size, Output Bore Type: Hollow",
"Dodge TXT115ET ABHS REDUCER, E241155","Dodge TXT115ET ABHS REDUCER, E241155",0,"Non-Inventory","Single","Reducer","E241155","No","","","","","","","","","","",2331.55,1748.66,"Services","Purchases","","Gear Ratio: 15.35:1, Input Size: 0.7500 inch Dia, Input Type: Belt-Driven, Material: Cast Iron, Output Type: Tapered Bushed, Reduction Type: Double Stage, Actual Ratio: 15.3500, AGMA Size:107, Bore Diameter (Maximum): 1.4375 inch, Bore Length Output: 7.0600 inch","Gear Ratio: 15.35:1, Input Size: 0.7500 inch Dia, Input Type: Belt-Driven, Material: Cast Iron, Output Type: Tapered Bushed, Reduction Type: Double Stage, Actual Ratio: 15.3500, AGMA Size:107, Bore Diameter (Maximum): 1.4375 inch, Bore Length Output: 7.0600 inch",
"Dodge TXT209AT  Shaft Mount Speed Reducer","Dodge TXT209AT  Shaft Mount Speed Reducer",0,"Non-Inventory","Single",,"TXT209AT","No","","","","","","","","","","",3049.99,2440,"Services","Purchases","","9:1 Ratio, 1.1250 in Input Shaft Size, Output Bore Type: Hollow","9:1 Ratio, 1.1250 in Input Shaft Size, Output Bore Type: Hollow",
"Dodge Tapered BUSH ASSY, 241292","Dodge Tapered BUSH ASSY, 241292",0,"Non-Inventory","Single",,"241292","No","","","","","","","","","","",218.19,163.64,"Services","Purchases","","1 7/16 TDT1","1 7/16 TDT1",
"Dodge, BRG22215C3 Bearing, 75mm Direct Mounting","Dodge, BRG22215C3 Bearing, 75mm Direct Mounting",0,"Non-Inventory","Single",,"421265","No","","","","","","","","","","",372.27,372.27,"Services","Purchases","","421265","421265",
"Dodge, Bearing Housing Seal, 2-13/16"" Triple-Tect Seal Drop - In ( For Open End Housing Only)","Dodge, Bearing Housing Seal, 2-13/16"" Triple-Tect Seal Drop - In ( For Open End Housing Only)",0,"Non-Inventory","Single",,"039289","No","","","","","","","","","","",98.15,98.15,"Services","Purchases","","039289","039289",
"Dodge, Bearing Housing Seal, 3-7/16"" Triple-Tect Seal Drop - In","Dodge, Bearing Housing Seal, 3-7/16"" Triple-Tect Seal Drop - In",0,"Non-Inventory","Single",,"039568","No","","","","","","","","","","",172.68,172.68,"Services","Purchases","","039568","039568",
"Dodge, CH4S-215-USAF Bearing Housing, USAF 200 4-Bolt Closed End","Dodge, CH4S-215-USAF Bearing Housing, USAF 200 4-Bolt Closed End",0,"Non-Inventory","Single",,"039685","No","","","","","","","","","","",412.36,412.36,"Services","Purchases","","039685","039685",
"Dodge, E-Z Kleen Right Angle Worm Speed Reducer","Dodge, E-Z Kleen Right Angle Worm Speed Reducer",0,"Non-Inventory","Single","Reducer","17QZ30H56","No","","","","","","","","","","",1700.57,1275.43,"Services","Purchases","","Single Reduction, 30:1 Ratio, 1.7500 in Center Distance, C-Face Quill Input, 0.6250 in Input Size, Hollow Output, 1.0000 in Output Size, Right Hand Output, 56C Frame","Single Reduction, 30:1 Ratio, 1.7500 in Center Distance, C-Face Quill Input, 0.6250 in Input Size, Hollow Output, 1.0000 in Output Size, Right Hand Output, 56C Frame",
"Dodge, E242257","Dodge, E242257",0,"Non-Inventory","Single","Reducer","E242257, ABHS 215","No","","","","","","","","","","",3053.73,2442.98,"Services","Purchases","","TXT215ET ABHS REDUCER","TXT215ET ABHS REDUCER",
"Dodge, Flange-Mount Ball Bearing, F2B-SXR-107-ABHS","Dodge, Flange-Mount Ball Bearing, F2B-SXR-107-ABHS",0,"Non-Inventory","Single","Bearings","F2B-SXR-107-ABHS","No","","","","","","","","","","",143.75,107,"Services","Purchases","","1-7/16 in Bore, 2-Bolt Flange Mount, Eccentric Collar Locking, Cast Iron Housing Material, Non-Expansion Bearing (Fixed), Single Lip Contact Seal Seal","1-7/16 in Bore, 2-Bolt Flange Mount, Eccentric Collar Locking, Cast Iron Housing Material, Non-Expansion Bearing (Fixed), Single Lip Contact Seal Seal",
"Dodge, H4S-215-USAF Bearing Housing, USAF 200 4-Bolt Open End ( For open end Drive Roll Only)","Dodge, H4S-215-USAF Bearing Housing, USAF 200 4-Bolt Open End ( For open end Drive Roll Only)",0,"Non-Inventory","Single",,"039684","No","","","","","","","","","","",379.85,379.85,"Services","Purchases","","039684","039684",
"Dodge, Inline Speed Reducer , E241154","Dodge, Inline Speed Reducer , E241154",0,"Non-Inventory","Single","Reducer","E241154","No","","","","","","","","","","",2331.55,1748.66,"Services","Purchases","","09:1 Reduction, 9:1 Ratio, 0.7500 in Input Size, Hollow Output Type, Cast Iron Housing Material","09:1 Reduction, 9:1 Ratio, 0.7500 in Input Size, Hollow Output Type, Cast Iron Housing Material",
"Double Pin Clamp 304 Stainless Steel","Double Pin Clamp 304 Stainless Steel",0,"Non-Inventory","Single",,"F4S000401","Yes","","","","","","","","","","",5.75,,"Sales","Cost of goods sold","","Specifications:","Specifications:",
"Double Split Collar 1 inch Shaft Diameter","Double Split Collar 1 inch Shaft Diameter",0,"Non-Inventory","Single",,"6436K38","No","","","","","","","","","","",23.49,,"Services","Purchases","","Clamping Two-Piece Shaft Collar, 303 Stainless Steel
Customer item# M572","Clamping Two-Piece Shaft Collar, 303 Stainless Steel
Customer item# 572",
"Double Split Collar 3/8 inch Shaft Diameter","Double Split Collar 3/8 inch Shaft Diameter",0,"Non-Inventory","Single","Double Split Collar","F4S000250","No","","","","","","","","","","",12.49,,"Sales of Product Income","","","7/8 inch OD x 3/8 inch Wd
Customer Item # M9688",,
"Double Split Collar Clamping Two- Piece Shaft, 1-5/16”","Double Split Collar Clamping Two- Piece Shaft, 1-5/16”",0,"Non-Inventory","Single",,,"No","","","","","","","","","","",25.99,,"Services","Purchases","","1-5/16"" Shaft Diameter, 2-1/8 OD, Stainless Steel
Customer Item# M21959","1-5/16"" Shaft Diameter, 2-1/8 OD",
"Double Split Collar Clamping Two- Piece Shaft, 1-½""","Double Split Collar Clamping Two- Piece Shaft, 1-½""",0,"Non-Inventory","Single",,,"No","","","","","","","","","","",29.99,,"Services","Purchases","","1-½"" Shaft Diameter, 2-3/8 OD, Stainless Steel
Customer Item# M8270","1-½"" Diameter, 2-3/8 OD",
"Double Split Collar Clamping Two- Piece Shaft, 3”","Double Split Collar Clamping Two- Piece Shaft, 3”",0,"Non-Inventory","Single",,,"No","","","","","","","","","","",89.99,,"Services","Purchases","","3” Shaft Diameter, 4-½“ OD, Stainless Steel
Customer Item# M19516","3” Shaft Diameter, 4-½“ OD, Stainless Steel",
"Double Split Collar Clamping Two- Piece Shaft, 7/8”","Double Split Collar Clamping Two- Piece Shaft, 7/8”",0,"Non-Inventory","Single",,,"No","","","","","","","","","","",19.99,,"Services","","","7/8"" Shaft Diameter, 1-5/8 OD, Stainless Steel
Customer Item# M570",,
"Double Split Collar Clamping Two- Piece Shaft, ½“","Double Split Collar Clamping Two- Piece Shaft, ½“",0,"Non-Inventory","Single",,,"No","","","","","","","","","","",11.99,,"Services","","","½” Shaft Diameter, 1-1/8 OD, Stainless Steel
Customer Item# M568",,
"Double Split Collar Clamping Two- Piece Shaft, ¾”","Double Split Collar Clamping Two- Piece Shaft, ¾”",0,"Non-Inventory","Single",,,"No","","","","","","","","","","",18.49,,"Services","Purchases","","¾” Shaft Diameter, 1-½“ OD, Stainless Steel
Customer Item# M3956","¾” Shaft Diameter, 1-½“ OD, Stainless Steel",
"Drive Plates, 061-06-008","Drive Plates, 061-06-008",0,"Non-Inventory","Single",,"061-06-008","No","","","","","","","","","","",19.99,14.75,"Services","Purchases","","Brake Parts","Brake Parts",
"Drive Pulley, 65101263","Drive Pulley, 65101263",0,"Non-Inventory","Single","Pulley","65101263","No","","","","","","","","","","",513,436.05,"Services","Purchases","","QS ERW SG 23 48C39","QS ERW SG 23 48C39",
"Duff-Norton, Electric Linear Actuator, SPA6415-24","Duff-Norton, Electric Linear Actuator, SPA6415-24",0,"Non-Inventory","Single",,"SPA6415-24","No","","","","","","","","","","",3409.99,,"Services","Purchases","","SPA Series 115 V Alternating Current (AC) Voltage, 1500 lb Load Capacity, and 24 inch Stroke Linear Actuator","SPA Series 115 V Alternating Current (AC) Voltage, 1500 lb Load Capacity, and 24 inch Stroke Linear Actuator",
"Duracell Ultra 12V 7AH AGM","Duracell Ultra 12V 7AH AGM",0,"Non-Inventory","Single",,"SLA12-7F2","No","","","","","","","","","","",,,"Services","Purchases","","Sealed Lead Acid (SLA) Battery with F2 Terminals","Sealed Lead Acid (SLA) Battery with F2 Terminals",
"E 12/2 U0/V6 GSTR-C-FR BLACK, 907235/ 3,048 mm","E 12/2 U0/V6 GSTR-C-FR BLACK, 907235/ 3,048 mm",0,"Non-Inventory","Single",,"907235/ 3,048 mm","No","","","","","","","","","","",807.19,605.39,"Services","Purchases","","Length: 3,048 mm
Width: 914 mm
ADV Transilon: With mech. fasteners HS
Cut-off angle: 90
Mechanical Fastener: HS-06 stainless complete
Sp. Fabrication (pc) Cut.off b. corner at 20/45deg","Length: 3,048 mm
Width: 914 mm
ADV Transilon: With mech. fasteners HS
Cut-off angle: 90
Mechanical Fastener: HS-06 stainless complete
Sp. Fabrication (pc) Cut.off b. corner at 20/45deg",
"E 12/2 U0/V6 GSTR-C-FR BLACK, 907235/ 4,367 mm","E 12/2 U0/V6 GSTR-C-FR BLACK, 907235/ 4,367 mm",0,"Non-Inventory","Single",,"907235/ 4,367 mm","No","","","","","","","","","","",1064.9,798.67,"Services","Purchases","","Length: 4,367 mm
Width: 914 mm
ADV Transilon: With mech. fasteners HS
Cut-off angle: 90
Mechanical Fastener HS-06 stainless complete","Length: 4,367 mm
Width: 914 mm
ADV Transilon: With mech. fasteners HS
Cut-off angle: 90
Mechanical Fastener HS-06 stainless complete",
"E 12/2 U0/V6 GSTR-C-FR BLACK, 907235/ 5,182 mm","E 12/2 U0/V6 GSTR-C-FR BLACK, 907235/ 5,182 mm",0,"Non-Inventory","Single",,"907235/ 5,182 mm","No","","","","","","","","","","",1224.14,918.1,"Services","Purchases","","Length: 5,182 mm
Width: 914 mm
ADV Transilon: With mech. fasteners HS
Cut-off angle: 90
Mechanical Fastener HS-06 stainless complete","Length: 5,182 mm
Width: 914 mm
ADV Transilon: With mech. fasteners HS
Cut-off angle: 90
Mechanical Fastener HS-06 stainless complete",
"E 12/2 U0/V6 GSTR-C-FR BLACK, 907235/ 5,487 mm","E 12/2 U0/V6 GSTR-C-FR BLACK, 907235/ 5,487 mm",0,"Non-Inventory","Single",,"907235/ 5,487 mm","No","","","","","","","","","","",1283.72,962.79,"Services","Purchases","","Length: 5,487 mm
Width: 914 mm
ADV Transilon: With mech. fasteners HS
Cut-off angle: 90
Mechanical Fastener HS-06 stainless complete","Length: 5,487 mm
Width: 914 mm
ADV Transilon: With mech. fasteners HS
Cut-off angle: 90
Mechanical Fastener HS-06 stainless complete",
"E 12/2 U0/V6 GSTR-C-FR BLACK, 907235/ 6,401 mm","E 12/2 U0/V6 GSTR-C-FR BLACK, 907235/ 6,401 mm",0,"Non-Inventory","Single",,"907235/ 6,401 mm","No","","","","","","","","","","",1462.3,1096.72,"Services","Purchases","","Length: 6,401 mm
Width: 914 mm
ADV Transilon: With mech. fasteners HS
Cut-off angle: 90
Mechanical Fastener HS-06 stainless complete","Length: 6,401 mm
Width: 914 mm
ADV Transilon: With mech. fasteners HS
Cut-off angle: 90
Mechanical Fastener HS-06 stainless complete",
"E-GPU 90 KVA, Batter Guard","E-GPU 90 KVA, Batter Guard",0,"Non-Inventory","Single",,"AP-575860","No","","","","","","","","","","",1185.99,949,"Services","Purchases","","AP-575860","AP-575860",
"E-GPU 90 KVA, Control Board","E-GPU 90 KVA, Control Board",0,"Non-Inventory","Single",,"AP-579526","No","","","","","","","","","","",2629.99,2180,"Services","Purchases","","AP-579526","AP-579526",
"E-GPU 90 KVA, Interface Board","E-GPU 90 KVA, Interface Board",0,"Non-Inventory","Single",,"AP-579564","No","","","","","","","","","","",4449.99,3670,"Services","Purchases","","AP-579564","AP-579564",
"EATON Portable Air Conditioner, SRCOOL12KE","EATON Portable Air Conditioner, SRCOOL12KE",0,"Non-Inventory","Single","HVAC","SRCOOL12KE","No","","","","","","","","","","",1849.99,,"Services","Purchases","","258.3 sq ft – 258 sq ft, 13,000 BtuH, 120V AC, Cooling Only","258.3 sq ft – 258 sq ft, 13,000 BtuH, 120V AC, Cooling Only",
"ENCLOSURE LATCH, ¼ TURN","ENCLOSURE LATCH, ¼ TURN",0,"Non-Inventory","Single","Latch Locks","F4S001250","No","","","","","","","","","","",22.49,,"Sales of Product Income","Cost of goods sold","","Lock Cylinder, 316 SS
Customer Item# E13936","ENCLOSURE LATCH (¼ TURN SS)",
"ERSS,30A-NF,3P,N1,R PISTOL, UL98","ERSS,30A-NF,3P,N1,R PISTOL, UL98",0,"Non-Inventory","Single",,"UL98","Yes","","","","","","","","","","",,,"Services","Purchases","","EOT930N3PA3-PB1","EOT930N3PA3-PB1",
"ERSS,30A-NF,3P,N4XSS,BL PISTOL, UL98, AUX","ERSS,30A-NF,3P,N4XSS,BL PISTOL, UL98, AUX",0,"Non-Inventory","Single",,"UL98, AUX","No","","","","","","","","","","",,,"Services","Purchases","","EOT930N3PAX-PB1","EOT930N3PAX-PB1",
"Eaton Bussmann Fuse, FRN-R-30","Eaton Bussmann Fuse, FRN-R-30",0,"Non-Inventory","Single","Fuse","FRN-R-30","No","","","","","","","","","","",,,"Services","Purchases","","UL Class Fuse, RK5 Class, Time-Delay, 30A, 250V AC, Non-Indicating","UL Class Fuse, RK5 Class, Time-Delay, 30A, 250V AC, Non-Indicating",
"Eaton Bussmann, FRN-R-8","Eaton Bussmann, FRN-R-8",0,"Non-Inventory","Single","Fuse","FRN-R-8","No","","","","","","","","","","",28.99,,"Services","Purchases","","UL Class Fuse, RK5 Class, Time-Delay, 8A, 250V AC, Non-Indicating","UL Class Fuse, RK5 Class, Time-Delay, 8A, 250V AC, Non-Indicating",
"Eaton CE15FN3 IEC CONTACTOR","Eaton CE15FN3 IEC CONTACTOR",0,"Non-Inventory","Single",,"CE15FN3","No","","","","","","","","","","",,,"Services","Purchases","","Coil Voltage 120v60Hz/110v50Hz; Max AC Rating: 32 AMP 600V",,
"Edwards Signaling Bell 24V DC","Edwards Signaling Bell 24V DC",0,"Non-Inventory","Single",,"435-10G1","No","","","","","","","","","","",299.99,249.95,"Services","Purchases","","Edwards Signaling 435-10G1 10 Inch Vibrating Bell 24V DC","Edwards Signaling 435-10G1 10 Inch Vibrating Bell 24V DC",
"Electric Heater Kit, CRHEATER336A00","Electric Heater Kit, CRHEATER336A00",0,"Non-Inventory","Single",,"CRHEATER336A00","No","","","","","","","","","","",645,516,"Services","Purchases","","14 kW, 480 Volt","14 kW, 480 Volt",
"Electric Motor, Model P55YYDGA-1549","Electric Motor, Model P55YYDGA-1549",0,"Non-Inventory","Single","Motor","P55YYDGA-1549","No","","","","","","","","","","",730.77,570,"Services","Purchases","","Voltage: 460/380-415, Frequency: 60/50 Hz, Horsepower: 0.4 HP, Phase: 3PH, RPM: 1100/925 RPM, Amperage: 0.7, Insolation Class F","Voltage: 460/380-415, Frequency: 60/50 Hz, Horsepower: 0.4 HP, Phase: 3PH, RPM: 1100/925 RPM, Amperage: 0.7, Insolation Class F",
"Emergency Stop Pushbutton, CEPY1-2001","Emergency Stop Pushbutton, CEPY1-2001",0,"Non-Inventory","Single",,"CEPY1-2001","No","","","","","","","","","","",75.99,57.2,"Services","Purchases","","Electrical Ratings: 240 V AC/125 V DC, NEMA Rating:	IP66/IP67/IP69K, Series: CEPY1","Electrical Ratings: 240 V AC/125 V DC, NEMA Rating:	IP66/IP67/IP69K, Series: CEPY1",
"Euro Breakaway Link Kit, AV020521","Euro Breakaway Link Kit, AV020521",0,"Non-Inventory","Single",,"AV020521","No","","","","","","","","","","",69.23,54,"Services","Purchases","","Kit","Kit",
"Expedite Fee","Expedite Fee",0,"Service","Single",,,"Yes","","","","","","","","","","",,,"Services","","",,,
"External Tooth Spur Gear, NSS1024","External Tooth Spur Gear, NSS1024",0,"Non-Inventory","Single","Spur Gear","NSS1024","No","","","","","","","","","","",49.99,41.5,"Services","Purchases","","10 DP, 20 PA, 24 Teeth, 1 inch Face, ¾ inch Bore, Minimum Plain Bore, Material: Steel
Customer item: M18293","10 DP, 20 PA, 24 Teeth, 1 inch Face, ¾ inch Bore, Minimum Plain Bore, Material: Steel",
"External Tooth Spur Gear, NSS10G25","External Tooth Spur Gear, NSS10G25",0,"Non-Inventory","Single","Spur Gear","NSS10G25","No","","","","","","","","","","",98.49,70,"Services","Purchases","","10 DP, 14.5 PA, 25 Teeth, 1 inch Face, ⅜ inch Bore, Bushed Bore, Material: Steel
Customer item: M12807","10 DP, 14.5 PA, 25 Teeth, 1 inch Face, ⅜ inch Bore, Bushed Bore, Material: Steel",
"External Tooth Spur Gear, TS1060","External Tooth Spur Gear, TS1060",0,"Non-Inventory","Single","Spur Gear","TS1060","No","","","","","","","","","","",169.99,148,"Services","Purchases","","10 DP, 20 ° PA, 60 Teeth, 1.25 inch Face, 1 to 2-1/2 inch Bore, Reboreable, Material: Steel
Customer item: M3541","10 DP, 20 ° PA, 60 Teeth, 1.25 inch Face, 1 to 2-1/2 inch Bore, Reboreable, Material: Steel
Customer item: M3541",
"F9-20M Ball Bearing - Brass Cage","F9-20M Ball Bearing - Brass Cage",0,"Non-Inventory","Single","Bearings:Ball Bearing","F4S000501","No","","","","","","","","","","",8.19,,"Services","","","8 Balls Brass Cage Bearing
Shaft Diameter: 9mm
Outside Diameter: 20mm
Customer Item #",,
"FC PULLEY- CROWNED MILD STEEL","FC PULLEY- CROWNED MILD STEEL",0,"Non-Inventory","Single","Pulley","USC0503800XT20","No","","","","","","","","","","",313.24,234.93,"Services","Purchases","","5.000"" DIA. X 0.1200"" X 38"" LONG XTH20 INTEGRAL HUBS
1.438"" BORE - CARBON STEEL BUSHINGS INCLUDED -
KEYSTOCK INCLUDED
PAINT - SW ENAMEL RAL7024","5.000"" DIA. X 0.1200"" X 38"" LONG XTH20 INTEGRAL HUBS
1.438"" BORE - CARBON STEEL BUSHINGS INCLUDED -
KEYSTOCK INCLUDED
PAINT - SW ENAMEL RAL7024",
"FC-SCM-307","FC-SCM-307",0,"Non-Inventory","Single","Bearings:Flange Bearings","FC-SCM-307","No","","","","","","","","","","",892.99,714.33,"Services","Purchases","","FLANGE BLK BALL BRG ; 3-7/16"" BORE 8.6"" BOLT CIRCLE 4 HOLE
Flange Block Bearing; 4 Bolt Round Flange Cartridge; 3-7/16"" Bore; 8.6"" Bolt Circle Diameter; 6.1"" Bolt Spacing; 1 Piece Solid; Set Screw; Cast Iron; Ball Bearing; Relubricatable; Single Lip Contact Seal","FLANGE BLK BALL BRG ; 3-7/16"" BORE 8.6"" BOLT CIRCLE 4 HOLE
Flange Block Bearing; 4 Bolt Round Flange Cartridge; 3-7/16"" Bore; 8.6"" Bolt Circle Diameter; 6.1"" Bolt Spacing; 1 Piece Solid; Set Screw; Cast Iron; Ball Bearing; Relubricatable; Single Lip Contact Seal",
"FERRAZ SHAWMUT ATQ-2","FERRAZ SHAWMUT ATQ-2",0,"Non-Inventory","Single",,"ATQ-2","No","","","","","","","","","","",,,"Services","Purchases","","2A, Fuse, 10X38 MM, Holder Cartridge, 500V, Slow Blow Acting","2A, Fuse, 10X38 MM, Holder Cartridge, 500V, Slow Blow Acting",
"FL-FMK-050C","FL-FMK-050C",0,"Non-Inventory","Single",,"FL-FMK-050C","No","","","","","","","","","","",3.89,0.66,"Services","Purchases","","HARDNESS 70, 5 (SHORE A) VITON METAL DETECTABLE DUROMETER 70
DIMS: ø2.370 x .115","HARDNESS 70, 5 (SHORE A) VITON METAL DETECTABLE DUROMETER 70
DIMS: ø2.370 x .115",
"FL-FMK-051A - Black","FL-FMK-051A - Black",0,"Non-Inventory","Single","Seal","CUS005","No","","","","","","","","","","",2.49,,"Services","","","Silicone Seal Black
Customer item: FL-FMK-051A",,
"FL-FMK-051F","FL-FMK-051F",0,"Non-Inventory","Single",,"FL-FMK-051F","No","","","","","","","","","","",4.49,0.91,"Services","Purchases","","HARDNESS 70, 5 (SHORE A) VITON METAL DETECTABLE DUROMETER 70
DIMS: ø3.995 x .115","HARDNESS 70, 5 (SHORE A) VITON METAL DETECTABLE DUROMETER 70
DIMS: ø3.995 x .115",
"FL-FMK-053A - Black","FL-FMK-053A - Black",0,"Non-Inventory","Single","Seal","CUS002","No","","","","","","","","","","",2.2,,"Sales of Product Income","","","SEAL",,
"FL-FMK-054A - Black","FL-FMK-054A - Black",0,"Non-Inventory","Single","Seal","CUS003","No","","","","","","","","","","",2.29,,"Sales of Product Income","","","SEAL",,
"FL-FMS-005B","FL-FMS-005B",0,"Non-Inventory","Single",,"FL-FMS-005B","No","","","","","","","","","","",3.79,0.61,"Services","Purchases","","HARDNESS 70`5 (SHORE A) VITON METAL DETECTABLE DUROMETER 70
DIMS: ø1.625 X .125","HARDNESS 70`5 (SHORE A) VITON METAL DETECTABLE DUROMETER 70
DIMS: ø1.625 X .125",
"FL-FTF-026A","FL-FTF-026A",0,"Non-Inventory","Single","Seal",,"No","","","","","","","","","","",2.99,0.12,"Services","Purchases","","Silicon Blue Seal, Ø 1 X 1.25","Silicon Blue Seal, Ø 1 X 1.25",
"FL-FTF-070A - Blue","FL-FTF-070A - Blue",0,"Non-Inventory","Single","Seal","CUS004","No","","","","","","","","","","",2.99,,"Services","","","Silicone Seal Blue",,
"FL-FTF-071C","FL-FTF-071C",0,"Non-Inventory","Single",,"FL-FTF-071C","No","","","","","","","","","","",4.39,0.85,"Services","Purchases","","HARDNESS 70, 5 (SHORE A) VITON METAL DETECTABLE DUROMETER 70
DIMS: ø3.438 x .125","HARDNESS 70, 5 (SHORE A) VITON METAL DETECTABLE DUROMETER 70
DIMS: ø3.438 x .125",
"FL-FTF-072A","FL-FTF-072A",0,"Non-Inventory","Single",,"FL-FTF-072A","No","","","","","","","","","","",,,"Services","","","ø2.750 x .125, Seal Silicone 
Customer item: FL-FTF-072A",,
"FL-FTG-062A","FL-FTG-062A",0,"Non-Inventory","Single","Seal","FL-FTG-062A","No","","","","","","","","","","",2.69,,"Services","","","Silicone Seal",,
"Falk 0776209 1100T10 CGA","Falk 0776209 1100T10 CGA",0,"Non-Inventory","Single",,,"Yes","","","","","","","","","","",,,"Services","","","Falk T10 Series Horizontally-Split
Cover Grid Assemblies size(s) 1100T with 1 segment(s) in
aluminum cover material for grid couplings",,
"Falk 1100T HUB RSB 246660","Falk 1100T HUB RSB 246660",0,"Non-Inventory","Single",,,"Yes","","","","","","","","","","",,,"Services","","","Falk T10_T20 Series Straight
Bore Style-Small Through Hole-Rough Stock (RSB) Hubs
size(s) 1100T with a 5.590-inch outside barrel diameter and
4.75-inch length for grid couplings",,
"Fasco Motors, TYPE U26B1, CPN PM-02-0046","Fasco Motors, TYPE U26B1, CPN PM-02-0046",0,"Non-Inventory","Single","Motor","TYPE U26B1, CPN PM-02-0046","Yes","","","","","","","","","","",677,440,"Services","Purchases","","V 115, HZ 60, HP 1/4, AMP 4.9-4.1-3.2","V 115, HZ 60, HP 1/4, AMP 4.9-4.1-3.2",
"Fenner Drives Link Belt L01A20, belt A","Fenner Drives Link Belt L01A20, belt A",0,"Service","Single",,"L01A20","No","","","","","","","","","","",1290,903,"Services","Purchases","","NuTLink V-Belt A/13 20 m","NuTLink V-Belt A/13 20 m",
"Filter cartridge 0063 Paper, 0532000002","Filter cartridge 0063 Paper, 0532000002",0,"Non-Inventory","Single",,"0532000002","No","","","","","","","","","","",62.4,52,"Services","Purchases","","B/C/E 10 MICRON
THE EXACT DIMENSIONS OF THIS FILTER CARTRIDGE IS 2-3/8IN ID 3-7/8IN OD
2-3/4IN TALL","B/C/E 10 MICRON
THE EXACT DIMENSIONS OF THIS FILTER CARTRIDGE IS 2-3/8IN ID 3-7/8IN OD
2-3/4IN TALL",
"Fire Extinguisher, 6487T72","Fire Extinguisher, 6487T72",0,"Non-Inventory","Single",,"6487T72","No","","","","","","","","","","",,,"Services","Purchases","","1-A, 10-B, C UL Rating, Vehicle Mount","1-A, 10-B, C UL Rating, Vehicle Mount",
"Fl-FTF-071A","Fl-FTF-071A",0,"Non-Inventory","Single",,,"No","","","","","","","","","","",3.59,,"Services","","","Silicon Seal 3",,
"Flange Ball Bearing,  SUCSF205-16-IP69K","Flange Ball Bearing,  SUCSF205-16-IP69K",0,"Non-Inventory","Single","Bearings:Flange Bearings","SUCSF205-16-IP69K","No","","","","","","","","","","",159.99,108,"Services","Purchases","","Bearing Unit, Hygenic, ø1 inch Shaft, IP69K
Customer item: M23374","Bearing Unit, Hygenic, ø1 inch Shaft, IP69K
Customer item: M23374",
"Flange Ball Bearing, MUCFCS212-39NP","Flange Ball Bearing, MUCFCS212-39NP",0,"Non-Inventory","Single","Bearings:Flange Bearings","MUCFCS212-39NP","No","","","","","","","","","","",488.49,451,"Services","Purchases","","2-7/16 inch Bore, 4-Bolt Piloted Flange, Set Screw Locking, Cast Iron Housing Material, Non-Expansion Bearing (Fixed), Standard Duty, Contact Seal with Flinger Seal
Customer item: M17855","2-7/16 inch Bore, 4-Bolt Piloted Flange, Set Screw Locking, Cast Iron Housing Material, Non-Expansion Bearing (Fixed), Standard Duty, Contact Seal with Flinger Seal
Customer item: M17855",
"Flange Ball Bearing, SUCSF210-31-IP69K","Flange Ball Bearing, SUCSF210-31-IP69K",0,"Non-Inventory","Single","Bearings:Flange Bearings","SUCSF210-31-IP69K","No","","","","","","","","","","",429.99,307,"Services","Purchases","","Bearing Unit, Hygienic, ø1-15/16 inch SHAFT, IP69K
Customer item: M23375","Bearing Unit, Hygienic, ø1-15/16 inch SHAFT, IP69K
Customer item: M23375",
"Flange Bearing, UCFL209-28","Flange Bearing, UCFL209-28",0,"Non-Inventory","Single","Bearings:Flange Bearings","UCFL209-28","No","","","","","","","","","","",32.15,25.72,"Services","Purchases","","2-Bolt, Ball, 1-3/4 inch Bore","2-Bolt, Ball, 1-3/4"" Bore",
"Flange Bearings, SUCSF206-20-IP69K","Flange Bearings, SUCSF206-20-IP69K",0,"Non-Inventory","Single","Bearings:Flange Bearings","SUCSF206-20-IP69K","No","","","","","","","","","","",169.99,130,"Services","Purchases","","Standard Duty Stainless Steel Set Screw Locking 4 Bolt
Customer item: M23373","Standard Duty Stainless Steel Set Screw Locking 4 Bolt
Customer item: M23373",
"Flange Mount Housing, INA PME30-XL-N","Flange Mount Housing, INA PME30-XL-N",0,"Non-Inventory","Single",,"INA PME30-XL-N","No","","","","","","","","","","",86,49.57,"Services","Purchases","","30MM Bore, 99MM Bolt Circle Diameter, 70.7MM Bolt Spacing","30MM Bore, 99MM Bolt Circle Diameter, 70.7MM Bolt Spacing",
"Flange Unit Bearing, SUCSFCS 210-32","Flange Unit Bearing, SUCSFCS 210-32",0,"Non-Inventory","Single","Bearings:Flange Bearings","SUCSFCS 210-32","No","","","","","","","","","","",435.25,349,"Services","Purchases","","Stainless Steel, 4-Bolt Piloted Flange Set Screw Lock Triple Lip Seal Bore Dia. 2""S
Customer item: M17319","Stainless Steel, 4-Bolt Piloted Flange Set Screw Lock Triple Lip Seal Bore Dia. 2""S
Customer item: M17319",
"Flange-Mount Ball Bearing, BFT204-12NP","Flange-Mount Ball Bearing, BFT204-12NP",0,"Non-Inventory","Single","Bearings:Flange Bearings","BFT204-12NP","No","","","","","","","","","","",48.49,37.1,"Services","Purchases","","3/4 inch Bore, 2-Bolt Flange, Set Screw Locking, Cast Iron Housing Material
Customer item: M8254","3/4 inch Bore, 2-Bolt Flange, Set Screw Locking, Cast Iron Housing Material
Customer item: M8254",
"Flange-Mount Ball Bearing, MUCF206-20","Flange-Mount Ball Bearing, MUCF206-20",0,"Non-Inventory","Single","Bearings:Flange Bearings","MUCF206-20","No","","","","","","","","","","",239.99,190.28,"Services","Purchases","","1-1/4 inch Bore, 4-Bolt Flange Mount, Set Screw Locking, 304 Stainless Steel Housing Material, Non-Expansion Bearing (Fixed)
Customer item: M19019","1-1/4 inch Bore, 4-Bolt Flange Mount, Set Screw Locking, 304 Stainless Steel Housing Material, Non-Expansion Bearing (Fixed)
Customer item: M19019",
"Flange-Mount Ball Bearing, SUCAFL205-16-IP69K","Flange-Mount Ball Bearing, SUCAFL205-16-IP69K",0,"Non-Inventory","Single","Bearings:Flange Bearings","SUCAFL205-16-IP69K","No","","","","","","","","","","",499.99,113.59,"Services","Purchases","","Bore Diameter: 1 inch, Housing Material: Stainless Steel, Duty Type: Standard Duty, Bolt Length: 3.8906 inch, Overall Length: 4.89 inch, Locking Device: Set Screw.
Customer item: M23384","Bore Diameter: 1 inch, Housing Material: Stainless Steel, Duty Type: Standard Duty, Bolt Length: 3.8906 inch, Overall Length: 4.89 inch, Locking Device: Set Screw.
Customer item: M23384",
"Flange-Mount Ball Bearing, SUCSF206-20-IP69K/F","Flange-Mount Ball Bearing, SUCSF206-20-IP69K/F",0,"Non-Inventory","Single","Bearings:Flange Bearings","SUCSF206-20-IP69K/F","No","","","","","","","","","","",339.99,148.03,"Services","Purchases","","Bore Diameter: 1-1/4 inch, Housing Material: Stainless Steel, Bolt Center To Center Length: 3.2656 inch, Overall Length: 4.25 inch
Customer item: M23396","Bore Diameter: 1-1/4 inch, Housing Material: Stainless Steel, Bolt Center To Center Length: 3.2656 inch, Overall Length: 4.25 inch
Customer item: M23396",
"Flange-Mount Ball Bearing, UCFCSX10-32","Flange-Mount Ball Bearing, UCFCSX10-32",0,"Non-Inventory","Single","Bearings:Flange Bearings","UCFCSX10-32","No","","","","","","","","","","",122.99,107.96,"Services","Purchases","","2 inch Bore, 4-Bolt Piloted Flange Mount, Set Screw Locking, Cast Iron Housing Material.
Customer item: M22272","2 inch Bore, 4-Bolt Piloted Flange Mount, Set Screw Locking, Cast Iron Housing Material.
Customer item: M22272",
"Flap Disc 115mm","Flap Disc 115mm",0,"Non-Inventory","Single","ABRASIVE","F4S000304","No","","","","","","","","","","",15.99,,"Sales of Product Income","","","VSM 115mm Flap Disc 60 Grit",,
"Flat Cam Follower, CR16BUU","Flat Cam Follower, CR16BUU",0,"Non-Inventory","Single","Bearings:Cam Follower","CR16BUU","No","","","","","","","","","","",19,12,"Services","Purchases","","1.00 inch Roller Dia, 0.6250 inch Roller Width, 0.4375 inch Stud Dia, Sealed, Carbon Steel Material
Customer item: M13081","1.00 inch Roller Dia, 0.6250 inch Roller Width, 0.4375 inch Stud Dia, Sealed, Carbon Steel Material
Customer item: M13081",
"Flat Cam Follower, SC-40-SB/ CR-1-1/4-XB-SS","Flat Cam Follower, SC-40-SB/ CR-1-1/4-XB-SS",0,"Non-Inventory","Single","Bearings:Cam Follower","SC-40-SB / CR-1-1/4-XB-SS","No","","","","","","","","","","",90.49,84.47,"Services","Purchases","","VI: SS CF-1¼ -SB / SC-40-SB / CR-1-1/4-XB-SS
SS, ø1¼ OD, Sealed
Customer item: M11886","VI: SS CF-1¼ -SB / SC-40-SB / CR-1-1/4-XB-SS
SS, ø1¼ OD, Sealed
Customer item: M11886",
"Flexco 05021 NCS065X10FT","Flexco 05021 NCS065X10FT",0,"Non-Inventory","Single",,"05021","No","","","","","","","","","","",49.28,38.44,"Services","Purchases","","W/10FT LEADER","W/10FT LEADER",
"Flexco Conveyor Belt Fastener System Accessories, NYS065-C","Flexco Conveyor Belt Fastener System Accessories, NYS065-C",0,"Non-Inventory","Single",,"NYS065-C","No","","","","","","","","","","",113.24,84.93,"Services","Purchases","","Connecting Pin, Nylon-Covered Stainless Steel Material, 100 ft Length","Connecting Pin, Nylon-Covered Stainless Steel Material, 100 ft Length",
"Flexco Conveyor Belt Fastener System Accessories, U2S12","Flexco Conveyor Belt Fastener System Accessories, U2S12",0,"Non-Inventory","Single",,"U2S12","No","","","","","","","","","","",73.09,54.82,"Services","Purchases","","18400 Hook without Pin, 430 Stainless Steel Material","18400 Hook without Pin, 430 Stainless Steel Material",
"Flexco Conveyor Belt Fastener System, 05025 NCS093X25FT","Flexco Conveyor Belt Fastener System, 05025 NCS093X25FT",0,"Non-Inventory","Single",,"05025 NCS093X25FT","No","","","","","","","","","","",75.2,56.4,"Services","Purchases","","Hinge Pin Material: Nylon Covered Cable, NYLON COVERED LEADER ASSEMBLIES: 25 feet of hinge pin with 10 feet of leader","Hinge Pin Material: Nylon Covered Cable, NYLON COVERED LEADER ASSEMBLIES: 25 feet of hinge pin with 10 feet of leader",
"Flexco Conveyor Belt Fastener, 18453, U2C24","Flexco Conveyor Belt Fastener, 18453, U2C24",0,"Non-Inventory","Single",,"18453, U2C24","No","","","","","","","","","","",68.4,51.3,"Services","Purchases","","24-Inch Coated Steel Clipper Unibar Hooks","24-Inch Coated Steel Clipper Unibar Hooks",
"Flexco Conveyor Belt Fastener, UX1SS12 01189","Flexco Conveyor Belt Fastener, UX1SS12 01189",0,"Non-Inventory","Single","Belt:Conveyor Belt","UX1SS12","No","","","","","","","","","","",85.5,69.93,"Services","Purchases","","Fastener System Accessories - Hook without Pin, 316L Stainless Steel Material","Fastener System Accessories - Hook without Pin, 316L Stainless Steel Material",
"Flexco NY093-C, Conveyor Belt Fastener","Flexco NY093-C, Conveyor Belt Fastener",0,"Non-Inventory","Single",,"NY093-C","No","","","","","","","","","","",108.88,84.93,"Services","Purchases","","System Accessories - 0.093 inch Connecting Pin, Nylon-Covered Steel Material, 100 ft Length","System Accessories - 0.093 inch Connecting Pin, Nylon-Covered Steel Material, 100 ft Length",
"Flexco U2S24 (18477) 24-Inch Stainless (Type 430) Clipper Unibar Hooks","Flexco U2S24 (18477) 24-Inch Stainless (Type 430) Clipper Unibar Hooks",0,"Non-Inventory","Single",,"156459","No","","","","","","","","","","",,89.41,"Services","Purchases","","Light Duty Belt Fasteners, Hook Size U2 | 0.054 inch, Wire Diameter 24 inch, Strips 10 Strips per Box, No Hinge Pin Included","Light Duty Belt Fasteners, Hook Size U2 | 0.054 inch, Wire Diameter 24 inch, Strips 10 Strips per Box, No Hinge Pin Included",
"Flexco U2SPS12 (18851)","Flexco U2SPS12 (18851)",0,"Non-Inventory","Single",,"U2SPS12","No","","","","","","","","","","",83.99,68.87,"Services","Purchases","","12-Inch Stainless (Type 430) Clipper Unibar Hooks - Light Duty Belt Fasteners
Hook Size U2SP","12-Inch Stainless (Type 430) Clipper Unibar Hooks - Light Duty Belt Fasteners
Hook Size U2SP",
"Flexco U3S12 (01255)","Flexco U3S12 (01255)",0,"Non-Inventory","Single",,"U3S12","No","","","","","","","","","","",88.99,74.04,"Services","Purchases","","12-Inch Stainless (Type 430) Clipper Unibar Hooks - Light Duty Belt Fasteners
Hook Size U3","12-Inch Stainless (Type 430) Clipper Unibar Hooks - Light Duty Belt Fasteners
Hook Size U3",
"Flexco UX1S24 (01356) 24-Inch Stainless (Type 430) Clipper Unibar Hooks","Flexco UX1S24 (01356) 24-Inch Stainless (Type 430) Clipper Unibar Hooks",0,"Non-Inventory","Single",,"155851","No","","","","","","","","","","",109.31,91.09,"Services","Purchases","","Light Duty Belt Fasteners, Hook Size UX-1, 0.040 inch, Wire Diameter 24 inch, Strips 10 Strips per Box, No Hinge Pin Included","Light Duty Belt Fasteners, Hook Size UX-1, 0.040 inch, Wire Diameter 24 inch, Strips 10 Strips per Box, No Hinge Pin Included",
"Floor Marking Tape, Gen Purpose, Striped","Floor Marking Tape, Gen Purpose, Striped",0,"Non-Inventory","Single","Tape","104377","No","","","","","","","","","","",117.99,,"Services","","","Polyester, No Legend, Black/Yellow, 4 inch Width, 8 mil Thickness, 100 ft",,
"For Positively Tracked Conveyor, Conveyor Belt, Width 4' 8¼""","For Positively Tracked Conveyor, Conveyor Belt, Width 4' 8¼""",0,"Non-Inventory","Single","Belt:Conveyor Belt","906434","No","","","","","","","","","","",598.99,498.51,"Services","Purchases","","129"" Length, W/(2) Nylon Guides","Length: 129 inch 
Width: 972 mm
ADV Transilon With mech. fasteners HS
Cut-off angle 90
Mechanical Fastener HS-44 stainless complete",
"Force Control Gearbox 01-60-352-LO","Force Control Gearbox 01-60-352-LO",0,"Non-Inventory","Single",,"01-60-352-LO","No","","","","","","","","","","",13680.56,10260.42,"Services","Purchases","","Model # 60-352-LO
Serial # 75997-4","Model # 60-352-LO
Serial # 75997-4",
"Force Control Gearbox 01-60-358-01","Force Control Gearbox 01-60-358-01",0,"Non-Inventory","Single",,,"No","","","","","","","","","","",8170.84,,"Services","","","Model # 01-60-358-01",,
"Force Control Gearbox 60-426-01R","Force Control Gearbox 60-426-01R",0,"Non-Inventory","Single",,"60-426-01R","No","","","","","","","","","","",8866.72,6650.04,"Services","Purchases","","Model # 60-426-01R
Serial # 200415051","Model # 60-426-01R
Serial # 200415051",
"Freight Charge","Freight Charge",0,"Non-Inventory","Single",,"00000000","No","","","","","","","","","","",,,"Clearly Better Business Checking (7248) - 1","","",,,
"Friction Discs, 100-06-008","Friction Discs, 100-06-008",0,"Non-Inventory","Single",,"100-06-008","No","","","","","","","","","","",37.68,28.26,"Services","Purchases","","Brake Parts","Brake Parts",
"Friedrich Kuhl Series Air Conditioner KCVS12B10A","Friedrich Kuhl Series Air Conditioner KCVS12B10A",0,"Non-Inventory","Single",,"KCVS12B10A","No","","","","","","","","","","",1780,1335,"Services","Purchases","","12,000 BTU Kuhl Series Cooling Only Smart Window Air Conditioner - Inverter Technology - 115V - R32 Refrigerant","12,000 BTU Kuhl Series Cooling Only Smart Window Air Conditioner - Inverter Technology - 115V - R32 Refrigerant",
"Full Coupling","Full Coupling",0,"Non-Inventory","Single",,,"Yes","","","","","","","","","","",,,"Services","","",,,
"Full Coupling & Half Couplings","Full Coupling & Half Couplings",0,"Service","Single",,,"Yes","","","","","","","","","","",,,"Services","","",,,
"Fullriver DC250-6 Deep-Cycle AGM Battery","Fullriver DC250-6 Deep-Cycle AGM Battery",0,"Non-Inventory","Single",,,"No","","","","","","","","","","",604.99,473.39,"Services","Purchases","","Voltage: 6 Volts
Battery Cell Composition: Lead-Acid, AGM
Product Dimension: 7.13 inch D x 10.31 inch W x 10.47 inch H","Voltage: 6 Volts
Battery Cell Composition: Lead-Acid, AGM
Product Dimension: 7.13 inch D x 10.31 inch W x 10.47 inch H",
"Galvanized Steel Carabiner Clip Qiuck Link Spring Snap Hook, 770LBS Holding Capacity Keychain Buckle","Galvanized Steel Carabiner Clip Qiuck Link Spring Snap Hook, 770LBS Holding Capacity Keychain Buckle",0,"Non-Inventory","Single",,,"No","","","","","","","","","","",,,"Services","","","EPHECH 30PCS 4 inch, Heavy Duty Spring Snap Hook, M10 3/8 inch",,
"Gasket, 0100GASKET-FELT","Gasket, 0100GASKET-FELT",0,"Service","Single",,"0100GASKET-FELT","No","","","","","","","","","","",,,"Services","Purchases","","Jay R. Smith MFG. Co, Felt","Jay R. Smith MFG. Co, Felt",
"Gasket, 0632GASKET","Gasket, 0632GASKET",0,"Non-Inventory","Single",,"0632GASKET, 54JH21","No","","","","","","","","","","",,,"Services","Purchases","","Jay R. Smith MFG. Co, Neoprene","Jay R. Smith MFG. Co, Neoprene",
"Gear Rack R2-11, SS 303","Gear Rack R2-11, SS 303",0,"Non-Inventory","Single","Gear Rack","F4S001455","No","","","","","","","","","","",178.05,,"Inventory","","","32 pitch, 20° Angle, 18 Inch Length
Customer Item # M6338N",,
"Gearbelt Sprocket, 19LB100","Gearbelt Sprocket, 19LB100",0,"Non-Inventory","Single","Pulley","19LB100","No","","","","","","","","","","",104.49,26.2,"Services","Purchases","","0.375 inch Pitch, 19 Tooth, 0.5 to 0.875 inch Bore Dia., 2.238 inch OD, 1 inch Belt Width
Customer item: M15280","0.375 inch Pitch, 19 Tooth, 0.5 to 0.875 inch Bore Dia., 2.238 inch OD, 1 inch Belt Width
Customer item: M15280",
"Gearbelt Sprocket, 19LB100 SS","Gearbelt Sprocket, 19LB100 SS",0,"Non-Inventory","Single","Gearbelt Sprocket","19LB100 SS","No","","","","","","","","","","",109.99,80,"Services","Purchases","","⅜ inch Pitch, 19 Tooth, 0.5 to 0.875 inch Bore Dia., 2.2380 inch OD, 1 inch Belt Width
Customer item: M22810","⅜ inch Pitch, 19 Tooth, 0.5 to 0.875 inch Bore Dia., 2.2380 inch OD, 1 inch Belt Width",
"General Purpose Washdown Duty Motor, CWDM3538","General Purpose Washdown Duty Motor, CWDM3538",0,"Non-Inventory","Single","Motor","CWDM3538","No","","","","","","","","","","",703.64,527.73,"Services","Purchases","","1/2 hp, 1800 rpm, 3 ph, 230/460 V, 56C Frame, Totally Enclosed Non-Ventilated Enclosure, 60 Hz, 1770 rpm Base, C-Face","1/2 hp, 1800 rpm, 3 ph, 230/460 V, 56C Frame, TENV (Totally Enclosed Non-Ventilated) Enclosure, 60 Hz, 1770 rpm Base, C-Face",
"Grove Gear, EL-H826-15-H1-23","Grove Gear, EL-H826-15-H1-23",0,"Non-Inventory","Single","Reducer","EL-H826-15-H1-23","No","","","","","","","","","","",2312.5,1850,"Services","Purchases","","15:1 Ratio, 2.6200 in Center Distance, C-Face Coupling Input, 0.7500 in Input Size, Hollow Output, 1.4375 in Output Size, Hollow Output","15:1 Ratio, 2.6200 in Center Distance, C-Face Coupling Input, 0.7500 in Input Size, Hollow Output, 1.4375 in Output Size, Hollow Output",
"Guide Rail for Corrosion-Resistant Ball Bearing Carriage, 34 mm","Guide Rail for Corrosion-Resistant Ball Bearing Carriage, 34 mm",0,"Non-Inventory","Single",,,"No","","","","","","","","","","",1860,,"Services","","","Rail Length- 2000 mm
Customer item: M19179N",,
"HEPA AIR FILTER - 8 in x 8 in x 5-7/8 in","HEPA AIR FILTER - 8 in x 8 in x 5-7/8 in",0,"Non-Inventory","Single",,"F4S001200","Yes","","","","","","","","","","",249.99,,"Sales of Product Income","","",,,
"HEPA AIR FILTER 20-5/16 in x 44 in x 5-7/8 in","HEPA AIR FILTER 20-5/16 in x 44 in x 5-7/8 in",0,"Non-Inventory","Single",,"F4S001203","No","","","","","","","","","","",399.99,,"Sales of Product Income","","","High Efficiency 99.97% , Filter Media -Microglass, Frame - Galvanized Steel, Max Temp 300F
Customer item: M10256",,
"HEPA AIR FILTER 24 in x 24 in x 11.5 in","HEPA AIR FILTER 24 in x 24 in x 11.5 in",0,"Non-Inventory","Single","Hepa Filter","F4S001201","Yes","","","","","","","","","","",499.99,,"Sales of Product Income","","","High Efficiency 99.97% , Filter Media -Microglass, Frame - Galvanized Steel, Max Temp 300F
Customer Item # M16731",,
"HEPA AIR FILTER 8 in x 8 in x 6 in, 8 in x 8 in x 5 7/8 in Actual Filter Size, 133 cfm Air Flow @ 30","HEPA AIR FILTER 8 in x 8 in x 6 in, 8 in x 8 in x 5 7/8 in Actual Filter Size, 133 cfm Air Flow @ 30",0,"Non-Inventory","Single",,"F4S001200","Yes","","","","","","","","","","",249.99,,"Sales of Product Income","Cost of goods sold","","Specifications:


 ","Specifications:


 ",
"HEPA AIR FILTER, 24 in X 36 in X 11 ½ in","HEPA AIR FILTER, 24 in X 36 in X 11 ½ in",0,"Non-Inventory","Single","Hepa Filter","F4S001202","Yes","","","","","","","","","","",649.9,,"Sales of Product Income","","","High Efficiency 99.97% , Filter Media -Microglass, Frame - Galvanized Steel, Max Temp 300F
Customer Item #",,
"HEPA Air Filter MERV 17, 21” X 15” X 3”","HEPA Air Filter MERV 17, 21” X 15” X 3”",0,"Service","Single",,,"Yes","","","","","","","","","","",149.99,124.86,"Services","Purchases","","HEPA Air Filter Type HEPA Vapor Carbon Media Tray, MERV 17, 21” X 15” X 3”","HEPA Air Filter Type HEPA Vapor Carbon Media Tray, MERV 17, 21” X 15” X 3”",
"HH932110 Timken","HH932110 Timken",0,"Non-Inventory","Single",,,"No","","","","","","","","","","",2485.88,1864.41,"Services","Purchases","",,,
"HH932145 Timken","HH932145 Timken",0,"Non-Inventory","Single",,,"No","","","","","","","","","","",4658.55,3493.91,"Services","Purchases","",,,
"HS25A Hollow Shaft Optical Light Mill Duty Encoder, HS25AC1DWE0EA910","HS25A Hollow Shaft Optical Light Mill Duty Encoder, HS25AC1DWE0EA910",0,"Non-Inventory","Single",,"HS25AC1DWE0EA910","No","","","","","","","","","","",756.44,605.15,"Services","Purchases","","PPR, C - 25 PPR, Line Driver: 1 - 5-28v In/Out (7272), Hollow Shaft Bore Size: D - 3/4 in. native bore, Connector Options: W - Cable (18 in. or special length), Mounting: E - End of Shaft (only)","PPR, C - 25 PPR, Line Driver: 1 - 5-28v In/Out (7272), Hollow Shaft Bore Size: D - 3/4 in. native bore, Connector Options: W - Cable (18 in. or special length), Mounting: E - End of Shaft (only)",
"Half Coupling","Half Coupling",0,"Non-Inventory","Single",,,"Yes","","","","","","","","","","",,,"Services","","",,,
"Hamilton Champion Swivel Caster, SCH-63DB","Hamilton Champion Swivel Caster, SCH-63DB",0,"Non-Inventory","Single","Casters",,"No","","","","","","","","","","",345,201.15,"Services","Purchases","","6"" x 3"" Duralast® Polyurethane (95A) on Cast Iron Wheel with 3/4"" Sealed Precision Ball Bearings","6"" x 3"" Duralast® Polyurethane (95A) on Cast Iron Wheel with 3/4"" Sealed Precision Ball Bearings",
"Hand and Surface Scrubbing Towels","Hand and Surface Scrubbing Towels",0,"Non-Inventory","Single",,,"No","","","","","","","","","","",,,"Services","Purchases","","Fresh Citrus Scent, Heavy Duty Scrubbing Towels Canister (Pack of 6)","Fresh Citrus Scent, Heavy Duty Scrubbing Towels Canister (Pack of 6)",
"Hanger Ball Bearing, SUCSHA205-14 IP69K","Hanger Ball Bearing, SUCSHA205-14 IP69K",0,"Non-Inventory","Single","Bearings:Ball Bearing","SUCSHA205-14 IP69K","No","","","","","","","","","","",174.99,130,"Services","Purchases","","7/8 Bore Rod End, Stainless Hsg, Stainless Insert, Set Screw Lock
Customer item: M23386","7/8 Bore Rod End, Stainless Hsg, Stainless Insert, Set Screw Lock
Customer item: M23386",
"Heavy Duty Black Nitrile Gloves L","Heavy Duty Black Nitrile Gloves L",0,"Non-Inventory","Single",,,"No","","","","","","","","","","",,,"Services","Purchases","","Raised Diamond Texture, Latex Free, Powder Free Disposable Gloves (100 Pack)","Raised Diamond Texture, Latex Free, Powder Free Disposable Gloves (100 Pack)",
"Heavy Duty Black Nitrile Gloves XL","Heavy Duty Black Nitrile Gloves XL",0,"Non-Inventory","Single",,,"Yes","","","","","","","","","","",,,"Services","Purchases","","Raised Diamond Texture, Latex Free, Powder Free Disposable Gloves (100 Pack)","Raised Diamond Texture, Latex Free, Powder Free Disposable Gloves (100 Pack)",
"Heavy Duty Sanding Roll with Paper Abrasive Backing","Heavy Duty Sanding Roll with Paper Abrasive Backing",0,"Non-Inventory","Single",,"4684A115","No","","","","","","","","","","",,,"Services","Purchases","","For Rough Finish, 6 inch Wide, 60 Grit, 75 ft Length","For Rough Finish, 6 inch Wide, 60 Grit, 75 ft Length",
"Helwig Carbon 35-371212-144-4-15","Helwig Carbon 35-371212-144-4-15",0,"Non-Inventory","Single",,"35-371212-144-4-15","No","","","","","","","","","","",39,25,"Services","Purchases","","Bison Gear Carbon","Bison Gear Carbon",
"Hepa Filter, EXTRUDED ALUM FR","Hepa Filter, EXTRUDED ALUM FR",0,"Non-Inventory","Single","Hepa Filter","AD42EHDB 7½","No","","","","","","","","","","",1298.9,,"Services","Purchases","","11 ½"" FD x 24""H X 42""W 
Customer item: M17048","11 ½"" FD x 24""H X 42""W 
Customer item: M17048",
"Hex Head Cap Screw, M16x2, 60.00 mm Length Under Head, Grade 10.9 Steel, Zinc Finish","Hex Head Cap Screw, M16x2, 60.00 mm Length Under Head, Grade 10.9 Steel, Zinc Finish",0,"Non-Inventory","Single",,"40080053","No","","","","","","","","","","",,,"Services","Purchases","","Fully Threaded, 24.00 mm Hex, AS 1110, ISO 4014 & ISO 4017","Fully Threaded, 24.00 mm Hex, AS 1110, ISO 4014 & ISO 4017",
"Hex Head Cap Screw, M16x2, 90.00 mm Length Under Head, Grade 10.9 Steel, Zinc Finish","Hex Head Cap Screw, M16x2, 90.00 mm Length Under Head, Grade 10.9 Steel, Zinc Finish",0,"Non-Inventory","Single",,"40080319","No","","","","","","","","","","",,,"Services","Purchases","","Partially Threaded, 24.00 mm Hex, DIN 931","Partially Threaded, 24.00 mm Hex, DIN 931",
"Hex nut 3/8"" -24","Hex nut 3/8"" -24",0,"Non-Inventory","Single","Hex Nut","F4S001001","No","","","","","","","","","","",3.99,,"Services","","","Thin Flex-Top Locknut for Heavy Vibration
18-8 Stainless Steel 
3/8""-24 Thread Size
Customer Item #",,
"Hoffman ADIN3PA42 Din 3 Adhesize","Hoffman ADIN3PA42 Din 3 Adhesize",0,"Non-Inventory","Single",,"ADIN3PA42","No","","","","","","","","","","",33.49,26.79,"Services","Purchases","","Mt 42Mm Qty 5 0.47X1.65X1.42 Plastic Black","Mt 42Mm Qty 5 0.47X1.65X1.42 Plastic Black",
"Honda EU3000iS Generator, HOQW-EU3000IS","Honda EU3000iS Generator, HOQW-EU3000IS",0,"Non-Inventory","Single",,"HOQW-EU3000IS","No","","","","","","","","","","",,,"Services","Purchases","","CO-MINDER 3000 Watt Super Quiet Inverter","CO-MINDER 3000 Watt Super Quiet Inverter",
"Hydraulic Cylinder and Hand Pump Set, SCL502H","Hydraulic Cylinder and Hand Pump Set, SCL502H",0,"Non-Inventory","Single",,"SCL502H","No","","","","","","","","","","",3199.99,,"Services","Purchases","","50 Ton, 2.38 inch Stroke","50 Ton, 2.38 inch Stroke",
"Hydronic Circulating Pump, ¼ hp HP, 116431MF-132","Hydronic Circulating Pump, ¼ hp HP, 116431MF-132",0,"Non-Inventory","Single",,"116431MF-132","No","","","","","","","","","","",,,"Services","Purchases","","¼ hp HP, 115V AC, Cast Iron, 1, 44 gpm, 25 ft Max. Head, Inline","¼ hp HP, 115V AC, Cast Iron, 1, 44 gpm, 25 ft Max. Head, Inline",
"I-Line Ferrules (Tank Weld)","I-Line Ferrules (Tank Weld)",0,"Service","Single",,,"Yes","","","","","","","","","","",,,"Services","","",,,
"I-Line Long Weld Ferrule","I-Line Long Weld Ferrule",0,"Service","Single",,,"Yes","","","","","","","","","","",,,"Services","","",,,
"INVERTER AC 10HP 3752302","INVERTER AC 10HP 3752302",0,"Non-Inventory","Single",,"3752302","No","","","","","","","","","","",,,"Services","","","PRGMD INV AC 10HP HORZ HITACHI C1",,
"Ice Cube Machine , IDT0450A-161/D570","Ice Cube Machine , IDT0450A-161/D570",0,"Non-Inventory","Single",,"IDT0450A-161/D570","No","","","","","","","","","","",6834,5695,"Services","Purchases","","70-lb. ice production capacity
358-lb. AHRI-certified production capacity
Icon-based easyTouch® display control panel
Programmable ice production measured by timer or volume
Quick-cleaning foodzone features removable parts
Built-in AlphaSan antimicrobial agent slows bacteria growth in the foodzone
Acoustical ice probe ensures ice is the correct thickness before dropping
24-hr. preventive maintenance diagnostics
DuraTech exterior resists corrosion
Air-cooled motor
Uses R410A refrigerant
Part of the Indigo NXT series
Ambient air temperature range for operation: 40-110 degrees F
Incoming water temperature range for operation: 40-90 degrees F
3,800-6,000 BTU
11.9 A, 5.63 kW
115 V/60 Hz/1 ph
Ice cube dimensions: 0.875 in. x 0.875 in. x 0.875 in.
Overall dimensions: 30 in. W x 34 in. D x 71.5 in. H","70-lb. ice production capacity
358-lb. AHRI-certified production capacity
Icon-based easyTouch® display control panel
Programmable ice production measured by timer or volume
Quick-cleaning foodzone features removable parts
Built-in AlphaSan antimicrobial agent slows bacteria growth in the foodzone
Acoustical ice probe ensures ice is the correct thickness before dropping
24-hr. preventive maintenance diagnostics
DuraTech exterior resists corrosion
Air-cooled motor
Uses R410A refrigerant
Part of the Indigo NXT series
Ambient air temperature range for operation: 40-110 degrees F
Incoming water temperature range for operation: 40-90 degrees F
3,800-6,000 BTU
11.9 A, 5.63 kW
115 V/60 Hz/1 ph
Ice cube dimensions: 0.875 in. x 0.875 in. x 0.875 in.
Overall dimensions: 30 in. W x 34 in. D x 71.5 in. H",
"Ignition Rotary Switch with Keys","Ignition Rotary Switch with Keys",0,"Non-Inventory","Single",,"AUC15805","No","","","","","","","","","","",49.99,21.59,"Services","Purchases","","Rotary Switch 
Brand: Tavaski","Rotary Switch 
Brand: Tavaski",
"Industrial Timing Belt, 210L100","Industrial Timing Belt, 210L100",0,"Non-Inventory","Single","Belt:Timing Belt","210L100","No","","","","","","","","","","",15.99,12,"Services","Purchases","","Light Duty, 0.3750 inch Pitch, 1.00 inch Width, 56 Teeth, Neoprene Material
Customer item: M6503","Light Duty, 0.3750 inch Pitch, 1.00 inch Width, 56 Teeth, Neoprene Material
Customer item: M6503",
"Inner Ring, MI-26-N","Inner Ring, MI-26-N",0,"Non-Inventory","Single","Manufacturing# MI-26-N(LRB 263216)","MI-26-N","No","","","","","","","","","","",24.99,,"Services","Purchases","","1.6250""ID x 2.5625""OD x 1.000"" W
Customer item: M18114","1.6250""ID x 2.5625""OD x 1.000"" W
Customer item: M18114",
"Inpro Bearing Isolator VB45-S, 2.75” X 3.50” X .575”","Inpro Bearing Isolator VB45-S, 2.75” X 3.50” X .575”",0,"Non-Inventory","Single","Bearing Isolator","7100-A-P0015-0","No","","","","","","","","","","",622.5,498,"Services","Purchases","","VB45-S, 2.75” X 3.50” X .575”","VB45-S, 2.75” X 3.50” X .575”",
"Inpro Bearing Isolator VB45-S, 3.25” X 4.00” X .575”","Inpro Bearing Isolator VB45-S, 3.25” X 4.00” X .575”",0,"Non-Inventory","Single","Bearing Isolator","7100-A-P0056-0","No","","","","","","","","","","",735,588,"Services","Purchases","","VB45-S, 3.25” X 4.00” X .575”","VB45-S, 3.25” X 4.00” X .575”",
"Inpro Bearing Isolator VB45-S, 3.543” X 4.331” X .575”","Inpro Bearing Isolator VB45-S, 3.543” X 4.331” X .575”",0,"Non-Inventory","Single","Bearing Isolator","7100-A-06304-0","No","","","","","","","","","","",801.25,641,"Services","Purchases","","VB45-S, 3.543” X 4.331” X .575”","VB45-S, 3.543” X 4.331” X .575”",
"Inpro Bearing Isolator VB45-S, 3.625” X 4.625” X.625","Inpro Bearing Isolator VB45-S, 3.625” X 4.625” X.625",0,"Non-Inventory","Single","Bearing Isolator","7100-A-M0044-0","No","","","","","","","","","","",820,656,"Services","Purchases","","VB45-S, 3.625” X 4.625” X.625","VB45-S, 3.625” X 4.625” X.625",
"Inpro Bearing Isolator VB45-S, 3.750” X 4.750 X .625","Inpro Bearing Isolator VB45-S, 3.750” X 4.750 X .625",0,"Non-Inventory","Single","Bearing Isolator","7110-A-M0046","No","","","","","","","","","","",848.75,679,"Services","Purchases","","VB45-S, 3.750” X 4.750 X .625","VB45-S, 3.750” X 4.750 X .625",
"Inpro Bearing Isolator VB45-S, 3.937” X 4.724” X .575”","Inpro Bearing Isolator VB45-S, 3.937” X 4.724” X .575”",0,"Non-Inventory","Single","Bearing Isolator","7100-A-06426-0","No","","","","","","","","","","",891.25,713,"Services","Purchases","","VB45-S, 3.937” X 4.724” X .575”","VB45-S, 3.937” X 4.724” X .575”",
"Inpro Bearing Isolator VB45-S, 4.500” X 5.500” X .625”","Inpro Bearing Isolator VB45-S, 4.500” X 5.500” X .625”",0,"Non-Inventory","Single","Bearing Isolator","7110-A-M0058-0","No","","","","","","","","","","",1018.75,815,"Services","Purchases","","VB45-S, 4.500” X 5.500” X .625”","VB45-S, 4.500” X 5.500” X .625”",
"Jetway Systems AC Gearmotor, 3702913","Jetway Systems AC Gearmotor, 3702913",0,"Non-Inventory","Single",,"3702913","No","","","","","","","","","","",7652.4,6377,"Services","Purchases","","MOT GEAR 5HP HORIZ 87:1 WHT","MOT GEAR 5HP HORIZ 87:1 WHT",
"Joystick Operator Single Access, 3637983","Joystick Operator Single Access, 3637983",0,"Non-Inventory","Single",,"3637983","No","","","","","","","","","","",2642.5,2114,"Services","Purchases","","OPER UNIV PROP 1 AXIS","OPER UNIV PROP 1 AXIS",
"KEY SEL. ACTUATOR 3 POS. Per EA USD CENTER KEY REMOVAL W/MTG ADAP. AND 2 CONT.ELEM 1NO","KEY SEL. ACTUATOR 3 POS. Per EA USD CENTER KEY REMOVAL W/MTG ADAP. AND 2 CONT.ELEM 1NO",0,"Service","Single",,,"No","","","","","","","","","","",,,"Services","Purchases","","LPCS330K20","LPCS330K20",
"KEYSTONE PNEUMATIC ACTUATOR , F89U-032DA","KEYSTONE PNEUMATIC ACTUATOR , F89U-032DA",0,"Non-Inventory","Single",,"F89U-032DA","No","","","","","","","","","","",,1185,"Services","Purchases","","DOUBLE ACTING (LESS STEM ADAPTER)
OUTPUT TORQUE: 3375 in-lb @ 80 psig
OUTPUT CONNECTION: 1-1/8"" DIA KEYED
MOUNT CONNECTION: 3-1/4"" & 5"" BC","DOUBLE ACTING (LESS STEM ADAPTER)
OUTPUT TORQUE: 3375 in-lb @ 80 psig
OUTPUT CONNECTION: 1-1/8"" DIA KEYED
MOUNT CONNECTION: 3-1/4"" & 5"" BC",
"KIT ACFT CLOS GRAY PNYA, 2130150.17","KIT ACFT CLOS GRAY PNYA, 2130150.17",0,"Non-Inventory","Single",,"2130150.17","No","","","","","","","","","","",10299.99,8531,"Services","Purchases","","Canopy Kit","Canopy Kit",
"KwiKool® KPAC II Portable Air Conditioner","KwiKool® KPAC II Portable Air Conditioner",0,"Non-Inventory","Single","HVAC","WBB3191777, KPAC1411-3","No","","","","","","","","","","",4349.99,3249,"Services","Purchases","","1.1 Ton Capacity, 115V, 13700 BTU","1.1 Ton Capacity, 115V, 13700 BTU",
"L-05021, J105000669","L-05021, J105000669",0,"Non-Inventory","Single",,"J105000669","No","","","","","","","","","","",56.63,47.19,"Services","Purchases","",,,
"LEESON Washdown Motor, 191560.00","LEESON Washdown Motor, 191560.00",0,"Non-Inventory","Single","Motor","191560.00","No","","","","","","","","","","",1324.99,1058.18,"Services","Purchases","","Three-Phase, 1-1/2 hp Horsepower, 3,510 RPM RPM, 230/460V AC, 56HC Frame Size
Customer item: E22151","Three-Phase, 1-1/2 hp Horsepower, 3,510 RPM RPM, 230/460V AC, 56HC Frame Size
Customer item: E22151",
"LINEAR BAR GRILLES, 24"" X 48""","LINEAR BAR GRILLES, 24"" X 48""",0,"Non-Inventory","Single",,,"No","","","","","","","","","","",315.51,,"Services","Purchases","","ALUMINUM RETURN FILTER GRILLE FOR 1inch FILTER - EASY AIR FLOW","ALUMINUM RETURN FILTER GRILLE FOR 1inch FILTER - EASY AIR FLOW",
"LOCKNUT - 3/4"" NPT, NYLON, BK","LOCKNUT - 3/4"" NPT, NYLON, BK",0,"Non-Inventory","Single",,"F4S000100","Yes","","","","","","","","","","",12.5,,"Sales","Cost of goods sold","","Specifications:","Specifications:",
"LPS | Multi-Purpose Cleaners & Degreasers","LPS | Multi-Purpose Cleaners & Degreasers",0,"Non-Inventory","Single",,"02705","No","","","","","","","","","","",,,"Services","Purchases","","LPS 02705 Industrial Degreaser, Multi-Purpose, 5 gal pail, Precision Clean Series","LPS 02705 Industrial Degreaser, Multi-Purpose, 5 gal pail, Precision Clean Series",
"LT PILOT 28V GRN AC/DC","LT PILOT 28V GRN AC/DC",0,"Non-Inventory","Single",,"4141276","No","","","","","","","","","","",190.99,157,"Services","Purchases","","4141276","4141276",
"Large Carabiner Clip Hooks, 4 inch Carabiners Heavy Duty","Large Carabiner Clip Hooks, 4 inch Carabiners Heavy Duty",0,"Non-Inventory","Single",,,"No","","","","","","","","","","",,,"Services","Purchases","","M10, 304 Stainless Steel Spring Snap Hook","M10, 304 Stainless Steel Spring Snap Hook",
"Lavex 12 inch 697LDP12CLKT","Lavex 12 inch 697LDP12CLKT",0,"Non-Inventory","Single",,"697LDP12CLKT","No","","","","","","","","","","",,,"Services","Purchases","","Closed-Lid Lobby Dust Pan with Broom","Closed-Lid Lobby Dust Pan with Broom",
"Legend Plate Emergency Stop, Round, Plastic, Yellow, 1.9 in Width","Legend Plate Emergency Stop, Round, Plastic, Yellow, 1.9 in Width",0,"Non-Inventory","Single",,"F4S000205","Yes","","","","","","","","","","",2.99,,"Sales of Product Income","Cost of goods sold","","Specifications:","Specifications:",
"Lesson VFD","Lesson VFD",0,"Non-Inventory","Single",,"174615.00","No","","","","","","","","","","",958,670,"Services","Purchases","","MOTO,5HP200/240V,3PH,NEMA 1,VECTOR SERIES VFD3PH.5HP.200/240V","MOTO,5HP200/240V,3PH,NEMA 1,VECTOR SERIES VFD3PH.5HP.200/240V",
"Light Weld Ferrules","Light Weld Ferrules",0,"Service","Single",,,"Yes","","","","","","","","","","",,,"Services","","",,,
"Linear Ball Bearing, SWS12UU","Linear Ball Bearing, SWS12UU",0,"Non-Inventory","Single","Bearings:Linear Bearing","9069T3/ SWS12UU","No","","","","","","","","","","",81.99,64.27,"Services","Purchases","","3/4 inch Shaft Diameter, 1.272 inch Ring Grooves Center-to-Center
Customer item: M18617","3/4 inch Shaft Diameter, 1.272 inch Ring Grooves Center-to-Center
Customer item: M18617",
"Link belt, 2-7/16"" 2-Bolt Pillow Block Bearing","Link belt, 2-7/16"" 2-Bolt Pillow Block Bearing",0,"Non-Inventory","Single",,"PB22439E7E7CSS","No","","","","","","","","","","",659.99,659.99,"Services","Purchases","","PB22439E7E7CSS","PB22439E7E7CSS",
"Link belt, 2-7/16"" Take Up Bearing","Link belt, 2-7/16"" Take Up Bearing",0,"Non-Inventory","Single",,"TB22439E7E7CSS","No","","","","","","","","","","",913.06,913.06,"Services","Purchases","","TB22439E7E7CSS","TB22439E7E7CSS",
"Linn-Gear, 8CG48","Linn-Gear, 8CG48",0,"Non-Inventory","Single","Gear","8CG48","No","","","","","","","","","","",259.99,216.59,"Services","Purchases","","Bore Diameter: 1-3/8 inch, Diametral Pitch: 8, Face Width: 1-1/4 inch, Material: Steel, Number of Teeth: 48, Pitch Diameter: 6 inch, Pressure Angle: 14.5 deg
Customer item: M13014","Bore Diameter: 1-3/8 inch, Diametral Pitch: 8, Face Width: 1-1/4 inch, Material: Steel, Number of Teeth: 48, Pitch Diameter: 6 inch, Pressure Angle: 14.5 deg
Customer item: M13014",
"Linn-Gear, 8CG68","Linn-Gear, 8CG68",0,"Non-Inventory","Single","Gear","8CG68","No","","","","","","","","","","",329.99,276,"Services","Purchases","","Bore Diameter: 1-3/8 inch, Diametral Pitch: 8, Face Width: 1-1/4 inch, Material: Steel, Number of Teeth: 68, Pitch Diameter: 8-1/2 inch, Pressure Angle: 14.5 deg
Customer item: M13011","Bore Diameter: 1-3/8 inch, Diametral Pitch: 8, Face Width: 1-1/4 inch, Material: Steel, Number of Teeth: 68, Pitch Diameter: 8-1/2 inch, Pressure Angle: 14.5 deg
Customer item: M13011",
"Linn-Gear, 8CG96","Linn-Gear, 8CG96",0,"Non-Inventory","Single",,"8CG96","No","","","","","","","","","","",379.99,,"Services","Purchases","","Change Gear, Bore Diameter: 1-3/8 inch, Diametral Pitch: 8, Face Width: 1-1/4 in,Number of Teeth: 96, Pitch Diameter: 12 inch, Pressure Angle: 14.5 deg
Customer item: M13012","Change Gear, Bore Diameter: 1-3/8 inch, Diametral Pitch: 8, Face Width: 1-1/4 in,Number of Teeth: 96, Pitch Diameter: 12 inch, Pressure Angle: 14.5 deg
Customer item: M13012",
"Linn-Gear, SR10FX6","Linn-Gear, SR10FX6",0,"Non-Inventory","Single","Gear Rack","SR10FX6","No","","","","","","","","","","",714.96,655.175,"Services","Purchases","","1 inch Face Width, 10 Diametral Pitch, 0.9 inch Pitch Line to Back, 6 ft Overall Length, 1 inch Overall Thickness, 14.5 deg Pressure Angle
Customer item: M12806N","1 inch Face Width, 10 Diametral Pitch, 0.9 inch Pitch Line to Back, 6 ft Overall Length, 1 inch Overall Thickness, 14.5 deg Pressure Angle
Customer item: M12806N",
"Liquid Tight Grip, Straight, 2 inch, 074-09-3518","Liquid Tight Grip, Straight, 2 inch, 074-09-3518",0,"Non-Inventory","Single",,"074-09-3518","No","","","","","","","","","","",,,"Services","Purchases","","2 inch Seal Type Connector with wire mash stream relief","2 inch Seal Type Connector with wire mash stream relief",
"Littelfuse Fuse, FLSR200ID","Littelfuse Fuse, FLSR200ID",0,"Non-Inventory","Single","Fuse","FLSR200ID","No","","","","","","","","","","",,,"Services","Purchases","","Class RK5, FLSR-ID Series, Time-Delay, 200 A, 600 V AC, 300 V DC, Indicating","Class RK5, FLSR-ID Series, Time-Delay, 200 A, 600 V AC, 300 V DC, Indicating",
"Load Bank LR-45 4.2 OHM","Load Bank LR-45 4.2 OHM",0,"Non-Inventory","Single",,,"Yes","","","","","","","","","","",,,"Services","","","4.2 OHM RESISTOR",,
"Load switch, 194E-A25-1753","Load switch, 194E-A25-1753",0,"Non-Inventory","Single","Allen Bradley","194E-A25-1753","No","","","","","","","","","","",74.67,56,"Services","Purchases","","25 A 194E","25 A 194E",
"Lobe Wing Nut","Lobe Wing Nut",0,"Non-Inventory","Single",,"F4S000450","Yes","","","","","","","","","","",1.89,,"Sales of Product Income","Cost of goods sold","","Specification:","Specification:",
"Locknut","Locknut",0,"Non-Inventory","Single",,,"No","","","","","","","","","","",,,"Services","Purchases","",,,
"Lockout Padlock, Keyed Different, Thermoplastic, Red","Lockout Padlock, Keyed Different, Thermoplastic, Red",0,"Non-Inventory","Single",,"410RED","No","","","","","","","","","","",,,"Services","Purchases","","1-1/2 inch Vertical Shackle Clearance, Master Lock, Standard Body, Steel","1-1/2 inch Vertical Shackle Clearance, Master Lock, Standard Body, Steel",
"Lockport Black Gaffers Tape 4 inch x 30 Yards","Lockport Black Gaffers Tape 4 inch x 30 Yards",0,"Non-Inventory","Single",,,"No","","","","","","","","","","",,,"Services","","","No Residue, Water Resistant, Non- Reflective, Easy Tear - Multipurpose",,
"Loctite® Lubricant","Loctite® Lubricant",0,"Non-Inventory","Single",,"1821A26","No","","","","","","","","","","",281.84,,"Services","Purchases","","lb8150, Corrosion-Resistant, 1 Gallon Can","lb8150, Corrosion-Resistant, 1 Gallon Can",
"Lucas LSLC125-12","Lucas LSLC125-12",0,"Non-Inventory","Single","Battery","LSLC125-12","No","","","","","","","","","","",710.67,533,"Services","Purchases","","LUCAS AGM SLA CYCLIC BATTERY 125AH","LUCAS AGM SLA CYCLIC BATTERY 125AH",
"MAX-LOC F2 1/2 (MULTI-HOLE) (4) .225 HOLES","MAX-LOC F2 1/2 (MULTI-HOLE) (4) .225 HOLES",0,"Non-Inventory","Single",,"F4S000003","Yes","","","","","","","","","","",14.99,,"Sales of Product Income","Cost of goods sold","","Specifications:","Specifications:",
"MEAN WELL, WDR-240-24","MEAN WELL, WDR-240-24",0,"Non-Inventory","Single",,"WDR-240-24","No","","","","","","","","","","",194.99,154.61,"Services","Purchases","","Power Supplies - DIN Rail Mount 240W 24V 10A 180-550VAC","Power Supplies - DIN Rail Mount 240W 24V 10A 180-550VAC",
"MEAN WELL, WDR-480-24","MEAN WELL, WDR-480-24",0,"Non-Inventory","Single",,"WDR-480-24","No","","","","","","","","","","",309.99,247.14,"Services","Purchases","","Power Supplies - DIN Rail Mount 480W 24V 20A 180-550VACin","Power Supplies - DIN Rail Mount 480W 24V 20A 180-550VACin",
"MELTRIC CONNECTOR","MELTRIC CONNECTOR",0,"Non-Inventory","Single",,"293659A","Yes","","","","","","","","","","",,,"Services","","","90KVA MELTRIC CONNECTOR 7400 eGPU,
Manufacturing# 293659A",,
"MF BP210 Quiet Weave FR","MF BP210 Quiet Weave FR",0,"Non-Inventory","Single",,"FG517851","No","","","","","","","","","","",,,"Services","Purchases","","Ultraline Endless 03-064 36in wide X 12ft 5in long, FG517851","Ultraline Endless 03-064 36in wide X 12ft 5in long, FG517851",
"MF BP290 QUIET WEAVE","MF BP290 QUIET WEAVE",0,"Non-Inventory","Single",,"FG517849","No","","","","","","","","","","",,,"Services","Purchases","","Hi-Tensile Clipper Hook Lace, 03-004 36in wide X 21ft 7.75in long
Laced, FG517849","Hi-Tensile Clipper Hook Lace, 03-004 36in wide X 21ft 7.75in long
Laced, FG517849",
"MF BP290 QUIET WEAVE Customer Item Q-Belts","MF BP290 QUIET WEAVE Customer Item Q-Belts",0,"Non-Inventory","Single",,"FG517852","No","","","","","","","","","","",,,"Services","Purchases","","03-004, 38.5in wide X 7ft 5.625in long Laced, 316 Stainless Steel Clipper Unibar Lace, Clipper Durastainless White
Clip Corners, FG517852","03-004, 38.5in wide X 7ft 5.625in long Laced, 316 Stainless Steel Clipper Unibar Lace, Clipper Durastainless White
Clip Corners, FG517852",
"MILLER® STANDARD H100 SAFETY HARNESS","MILLER® STANDARD H100 SAFETY HARNESS",0,"Non-Inventory","Single",,"H-9578","No","","","","","","","","","","",69.99,,"Services","Purchases","","Durable fall protection for warehouse and construction workers, weight capacity 400 lbs","Durable fall protection for warehouse and construction workers, weight capacity 400 lbs",
"MOOKEERF SDI Connector BNC Adapter 75 Ohm BNC","MOOKEERF SDI Connector BNC Adapter 75 Ohm BNC",0,"Non-Inventory","Single",,,"No","","","","","","","","","","",,,"Services","Purchases","","Female to Female Barrel Connector for HD-SDI/3G-SDI/4K/8K SDI Video Camera Cable","Female to Female Barrel Connector for HD-SDI/3G-SDI/4K/8K SDI Video Camera Cable",
"MOT GEAR 3 HP, 3719054","MOT GEAR 3 HP, 3719054",0,"Non-Inventory","Single",,"3719054","No","","","","","","","","","","",4700,3666,"Services","Purchases","","25:1 VERT DR WHT","25:1 VERT DR WHT",
"MPLP000007549","MPLP000007549",0,"Service","Single",,,"No","","","","","","","","","","",,,"Services","","",,,
"Marked Legend, Harmony XAC, Nameplate, 30 x 40mm, Plastic, Black, 22mm Push Button, White Marked POW","Marked Legend, Harmony XAC, Nameplate, 30 x 40mm, Plastic, Black, 22mm Push Button, White Marked POW",0,"Non-Inventory","Single",,"F4S000200","Yes","","","","","","","","","","",4.5,,"Sales","Cost of goods sold","","Marked Legend, Harmony XAC, Nameplate, 30 x 40mm, Plastic, Black, 22mm Push Button, White Marked POWER ON","Marked Legend, Harmony XAC, Nameplate, 30 x 40mm, Plastic, Black, 22mm Push Button, White Marked POWER ON",
"Marked Legend, Harmony XAC, Nameplate, 30x40mm, Plastic, Black, 22mm Push Button, White Marked START","Marked Legend, Harmony XAC, Nameplate, 30x40mm, Plastic, Black, 22mm Push Button, White Marked START",0,"Non-Inventory","Single",,"F4S000201","Yes","","","","","","","","","","",4.5,,"Sales of Product Income","Cost of goods sold","","Specifications:","Specifications:",
"Marked Legend, Harmony XAC, Nameplate, 30x40mm, Plastic, Red, 22mm Push Button, White Marked STOP","Marked Legend, Harmony XAC, Nameplate, 30x40mm, Plastic, Red, 22mm Push Button, White Marked STOP",0,"Non-Inventory","Single",,"F4S000202","Yes","","","","","","","","","","",3.5,,"Sales of Product Income","Cost of goods sold","","Specifications:","Specifications:",
"Martin Sprocket S242H-0515715M","Martin Sprocket S242H-0515715M",0,"Non-Inventory","Single","Sprocket","S242H-0515715M","No","","","","","","","","","","",7012.84,4754.44,"Services","Purchases","","S242H-0515715M
Hardened With Special Backlash","S242H-0515715M
Hardened With Special Backlash",
"MasterPower Transmission, 7859028003LQ","MasterPower Transmission, 7859028003LQ",0,"Non-Inventory","Single",,"7859028003LQ","No","","","","","","","","","","",3060,2550,"Services","Purchases","","Size: 30SM11121201, 56SG15A4, RPM 750","Size: 30SM11121201, 56SG15A4, RPM 750",
"Mersen Fuse, A6D300R","Mersen Fuse, A6D300R",0,"Non-Inventory","Single","Fuse","A6D300R","No","","","","","","","","","","",,,"Services","Purchases","","Class RK1, A6D Series, Time-Delay, 300 A, 600 V AC, 600 V DC, Indicating","Class RK1, A6D Series, Time-Delay, 300 A, 600 V AC, 600 V DC, Indicating",
"Metal Wing Nut - Small","Metal Wing Nut - Small",0,"Non-Inventory","Single","Sanitary Clamp","F4S000450/ 329901/ KCH00002","No","","","","","","","","","","",2.13,,"Clearly Better Business Checking (7248) - 1","","","SS304 , Wing Nut 
Customer item: M9705",,
"Metric Cam Follower, MYRV-17-S-AG","Metric Cam Follower, MYRV-17-S-AG",0,"Non-Inventory","Single",,"NART17VUUR/ MYRV-17-S-AG","No","","","","","","","","","","",66.49,51.1,"Services","Purchases","","40 mm Roller Diameter, 17 mm Bore, 20 mm Roller Width, Double Sealed
Customer item: M13161","40 mm Roller Diameter, 17 mm Bore, 20 mm Roller Width, Double Sealed
Customer item: M13161",
"Micrometer Torque Wrench, 1/2"" Drive, Foot Pound","Micrometer Torque Wrench, 1/2"" Drive, Foot Pound",0,"Non-Inventory","Single",,"68124890","No","","","","","","","","","","",,,"Services","Purchases","","15.0 ft-lb Min, 80.0 ft-lb Max, 80.0 ft-lb Max, 16-11/16"" OAL","15.0 ft-lb Min, 80.0 ft-lb Max, 80.0 ft-lb Max, 16-11/16"" OAL",
"Microprecision Switches, MP321SEB01D, MP320, MP321","Microprecision Switches, MP321SEB01D, MP320, MP321",0,"Non-Inventory","Single",,"MP321SEB01D","No","","","","","","","","","","",,,"Services","Purchases","","24VAC/DC 0.1A","24VAC/DC 0.1A",
"Microwave H-10724","Microwave H-10724",0,"Non-Inventory","Single",,"H-10724","No","","","","","","","","","","",484.56,403.8,"Services","Purchases","","Inside: 13 x 13 x 8 1/16"" (W x D x H)
Digital Display, 20 Memory Programs, Braille keypad , 2 and 3 Stage cooking , Bottom Energy Feed, Interior Light, See-through Door
NSF Listed
13.4 Amps 
120 V
Standard 3-Prong Plug","Inside: 13 x 13 x 8 1/16"" (W x D x H)
Digital Display, 20 Memory Programs, Braille keypad , 2 and 3 Stage cooking , Bottom Energy Feed, Interior Light, See-through Door
NSF Listed
13.4 Amps 
120 V
Standard 3-Prong Plug",
"Mighty Max Battery, ML125-1222","Mighty Max Battery, ML125-1222",0,"Non-Inventory","Single",,"ML125-1222","No","","","","","","","","","","",350.31,,"Services","Purchases","","Voltage: 12 Volt, Amperage: 125 AH, Chemistry: SLA, AGM.
Battery Dimensions: 13.11 inch x 6.81 inch x 8.74 inch","Voltage: 12 Volt, Amperage: 125 AH, Chemistry: SLA, AGM.
Battery Dimensions: 13.11 inch x 6.81 inch x 8.74 inch",
"Milwaukee M18 18V Cordless Grease Gun","Milwaukee M18 18V Cordless Grease Gun",0,"Non-Inventory","Single",,"2646-21CT","No","","","","","","","","","","",441.99,369,"Services","Purchases","","M18 18V Lithium-Ion Cordless Grease Gun 2-Speed with (1) 1.5Ah Batteries, Charger, Tool Bag","M18 18V Lithium-Ion Cordless Grease Gun 2-Speed with (1) 1.5Ah Batteries, Charger, Tool Bag",
"Miniature Circuit Breaker SU202M-K30","Miniature Circuit Breaker SU202M-K30",0,"Non-Inventory","Single",,"SU202M-K30","No","","","","","","","","","","",,,"Services","Purchases","","Circuit Breaker - SU20OM - 2 P - 3 0 A - K - (400 V AC) 11.2 kA","Circuit Breaker - SU20OM - 2 P - 3 0 A - K - (400 V AC) 11.2 kA",
"Miniature Circuit Breaker, ABB SU202M-C20","Miniature Circuit Breaker, ABB SU202M-C20",0,"Non-Inventory","Single",,"SU202M-C20","No","","","","","","","","","","",130.34,108.62,"Services","Purchases","","Trip Curve C, 20 Amp, 2 Pole, Ul489","Trip Curve C, 20 Amp, 2 Pole, Ul489",
"Mobil Polyrex EM, Motor Grease, 13.7 oz.","Mobil Polyrex EM, Motor Grease, 13.7 oz.",0,"Non-Inventory","Single",,,"No","","","","","","","","","","",,,"Services","","","Electric Motor Bearing Grease, Cartridge, NLGI 2, Blue",,
"Molding Fee","Molding Fee",0,"Service","Single",,,"Yes","","","","","","","","","","",,,"Services","","",,,
"Motor Break Cover, 2511-SWA","Motor Break Cover, 2511-SWA",0,"Non-Inventory","Single",,"2511-SWA","No","","","","","","","","","","",67.99,59.36,"Services","Purchases","","19”L x 25.5” H","19”L x 25.5”H",
"Motor Protection Circuit Breaker, 140MT-C3E-C10","Motor Protection Circuit Breaker, 140MT-C3E-C10",0,"Non-Inventory","Single",,"140MT-C3E-C10","No","","","","","","","","","","",,,"Services","Purchases","","6.3-10 A, Frame C, Series A","6.3-10 A, Frame C, Series A",
"Mounting Brackets for dual 2400","Mounting Brackets for dual 2400",0,"Non-Inventory","Single",,"292184-02","No","","","","","","","","","","",1303.2,1086,"Services","Purchases","","292184-02","292184-02",
"Moxa MGate 5122 CANopen","Moxa MGate 5122 CANopen",0,"Non-Inventory","Single",,"MGate 5122","No","","","","","","","","","","",,,"Services","Purchases","","1-port/J1939-to-EtherNet/IP gateways,10 to 60C operating temperature","1-port/J1939-to-EtherNet/IP gateways,10 to 60C operating temperature",
"MultiColored T-Shirt Rags – 25lb Box","MultiColored T-Shirt Rags – 25lb Box",0,"Non-Inventory","Single",,"20-202-B","No","","","","","","","","","","",,,"Services","Purchases","","Recycled Cotton Knit Shop Rags – Low Lint Cleaning Cloths for Mechanics, Oil Changes, Industrial and Commercial Use","Recycled Cotton Knit Shop Rags – Low Lint Cleaning Cloths for Mechanics, Oil Changes, Industrial and Commercial Use",
"NL-NJ-018B - Duckbill -  Black","NL-NJ-018B - Duckbill -  Black",0,"Non-Inventory","Single",,"CUS006","No","","","","","","","","","","",11.99,,"Services","","","Duckbill Black 1.120 x 1.500
Customer item: NL-NJ-018B",,
"NSK 22224CAME4","NSK 22224CAME4",0,"Non-Inventory","Single","Bearings","22224CAME4","No","","","","","","","","","","",749.99,600,"Services","Purchases","","Spherical Roller Bearing - 120 mm ID, 215 mm OD, 58 mm Width, Straight Bore, Open, C0","Spherical Roller Bearing - 120 mm ID, 215 mm OD, 58 mm Width, Straight Bore, Open, C0",
"NYLATRON WASHER   ø.26x.50ODx.02-.04 THICK","NYLATRON WASHER   ø.26x.50ODx.02-.04 THICK",0,"Non-Inventory","Single",,"F4S000800","Yes","","","","","","","","","","",41.25,,"Sales of Product Income","Cost of goods sold","","Specifications:","Specifications:",
"Narrow Power-Wedge Cog V-Belt, 3VX250","Narrow Power-Wedge Cog V-Belt, 3VX250",0,"Non-Inventory","Single",,"3VX250","No","","","","","","","","","","",,,"Services","Purchases","","3VX, 3/8 in Top Width, 1 Strand, 25 in Nominal Outside Length","3VX, 3/8 in Top Width, 1 Strand, 25 in Nominal Outside Length",
"Narrow Super HC V-Belt, 3VX450","Narrow Super HC V-Belt, 3VX450",0,"Non-Inventory","Single",,"3VX450","No","","","","","","","","","","",,,"Services","Purchases","","3VX, 3/8 in Top Width, 1 Strand, 45 in Nominal Outside Length","3VX, 3/8 in Top Width, 1 Strand, 45 in Nominal Outside Length",
"Needle Bearing","Needle Bearing",0,"Service","Single",,,"Yes","","","","","","","","","","",,,"Services","Purchases","",,,
"Needle Roller Bearing Inner Ring, MI-16-N","Needle Roller Bearing Inner Ring, MI-16-N",0,"Non-Inventory","Single","Bearings:Needle Roller Bearing","MI-16-N","No","","","","","","","","","","",14.49,,"Services","Purchases","","1 inch Bore, 1.2491 inch OD, 1.01 inch Width
Customer item: M18917","1 inch Bore, 1.2491 inch OD, 1.01 inch Width",
"Needle Roller Bearing Without Inner Ring, GR-12-N","Needle Roller Bearing Without Inner Ring, GR-12-N",0,"Non-Inventory","Single","Bearings:Needle Roller Bearing","GR-12-N","No","","","","","","","","","","",34.99,27.4,"Services","Purchases","","¾ inch Bore, 1¼ inch OD, ¾ inch Width
Customer item: M20578","¾ inch Bore, 1¼ inch OD, ¾ inch Width",
"Needle Roller Bearing without Inner Ring, GR-20-N","Needle Roller Bearing without Inner Ring, GR-20-N",0,"Non-Inventory","Single","Bearings:Needle Roller Bearing","GR-20-N","No","","","","","","","","","","",69.99,57,"Services","Purchases","","1¼ inch Bore, 1¾ inch OD, 1 inch Width
Customer item: M20577","1¼ inch Bore, 1¾ inch OD, 1 inch Width",
"Needle Roller Bearing, BR202820UU","Needle Roller Bearing, BR202820UU",0,"Non-Inventory","Single","Bearings:Needle Roller Bearing","BR202820UU","No","","","","","","","","","","",31.39,25.08,"Services","Purchases","","1¼ inch Bore, 1¾ inch OD, ø1.25 SHAFT
Customer item: M13078","1¼ inch Bore, 1¾ inch OD, ø1.25 SHAFT
Customer item: M13078",
"Needle Roller Bearing, BR324116","Needle Roller Bearing, BR324116",0,"Non-Inventory","Single","Bearings:Needle Roller Bearing","MR-32-N (BR 324116)","No","","","","","","","","","","",45.99,25.8,"Services","Purchases","","1.6250""ID X 2.5625""OD X 1.00"" W
Customer item: M18113","1.6250""ID X 2.5625""OD X 1.00"" W
Customer item: M18113",
"Needle Roller Bearing, MR-20-N","Needle Roller Bearing, MR-20-N",0,"Non-Inventory","Single","Bearings:Needle Roller Bearing","MR-20-N","No","","","","","","","","","","",30.49,23,"Services","Purchases","","1¼ inch Bore, 1¾ inch OD, 1 inch Width
Customer item: M18916","1¼ inch Bore, 1¾ inch OD, 1 inch Width
Customer item: M18916",
"Needle Roller Bearings, BR324120UU","Needle Roller Bearings, BR324120UU",0,"Non-Inventory","Single","Bearings:Needle Roller Bearing","BR324120UU","No","","","","","","","","","","",44.39,35.49,"Services","Purchases","","2 inch Bore, 2.56 inch OD, 1.25 inch Width
Customer item: M13450","2 inch Bore, 2.56 inch OD, 1.25 inch Width
Customer item: M13450",
"Needle-Roller Bearing ø¼id x7/16od x 7/16L Double Seal","Needle-Roller Bearing ø¼id x7/16od x 7/16L Double Seal",0,"Non-Inventory","Single",,"F4S000700","Yes","","","","","","","","","","",15.99,,"Sales","Cost of goods sold","","Needle-Roller Bearing ø¼id x7/16od x 7/16L Double Seal","Needle-Roller Bearing ø¼id x7/16od x 7/16L Double Seal",
"Neodymium Magnet High-Temperature, ½"" Thick, ¾"" OD","Neodymium Magnet High-Temperature, ½"" Thick, ¾"" OD",0,"Non-Inventory","Single","Magnet","F4S001300","No","","","","","","","","","","",12.99,,"Services","","","Customer item: M12426",,
"New Armstrong Pump & Marathon Electric Motor","New Armstrong Pump & Marathon Electric Motor",0,"Non-Inventory","Single",,,"No","","","","","","","","","","",,,"Services","Purchases","","NEW Armstrong 4300 DBF size 4x11.5 rated 320 Gpm, 105 ft equipped with 20hp/3/230-460v/1800 rpm ODP motor.","NEW Armstrong 4300 DBF size 4x11.5 rated 320 Gpm, 105 ft equipped with 20hp/3/230-460v/1800 rpm ODP motor.",
"New Colored T-Shirt Rags","New Colored T-Shirt Rags",0,"Non-Inventory","Single",,"S-20685","No","","","","","","","","","","",,,"Services","Purchases","","New Rags- 50 lbs","New Rags- 50 lbs",
"Nexen 928100-MDU-875","Nexen 928100-MDU-875",0,"Non-Inventory","Single",,"928100-MDU-875","No","","","","","","","","","","",1041.99,833.04,"Services","Purchases","","Air Engaged, NEMA C-Face Mounted, Modular Series Of Clutches Brakes Or Clutch/Brakes","Air Engaged, NEMA C-Face Mounted, Modular Series Of Clutches Brakes Or Clutch/Brakes",
"Nice Bearing","Nice Bearing",0,"Non-Inventory","Single","Bearings:Ball Bearing","1616DCTNTG18","No","","","","","","","","","","",25,16.89,"Services","Purchases","","1616DCTNTG18
Precision Ground Radial Bearing - Straight Bore, 0.5000 in ID, 1.1250 in OD, 0.3750 in Width, Double Sealed, Without Snap Ring","1616DCTNTG18
Precision Ground Radial Bearing - Straight Bore, 0.5000 in ID, 1.1250 in OD, 0.3750 in Width, Double Sealed, Without Snap Ring",
"Nord Drivesystems, HL RG IR, 203576095-200","Nord Drivesystems, HL RG IR, 203576095-200",0,"Non-Inventory","Single","Motor","203576095-200","No","","","","","","","","","","",1449.99,1200,"Services","Purchases","","172.1-71L/4 CUS BRE5","172.1-71L/4 CUS BRE5",
"Nu-Calgon 4291-18","Nu-Calgon 4291-18",0,"Non-Inventory","Single",,"4291-18","No","","","","","","","","","","",,,"Services","Purchases","","Nu-Brite Aerosol Coil Cleaner","Nu-Brite Aerosol Coil Cleaner",
"Nyliner Bushing 1/2 ID, 11/32""L","Nyliner Bushing 1/2 ID, 11/32""L",0,"Non-Inventory","Single",,"F4S000900","Yes","","","","","","","","","","",6.99,,"Sales","Cost of goods sold","","Nyliner Bushing 1/2 ID, 11/32""L","Nyliner Bushing 1/2 ID, 11/32""L",
"Nylon Lock Nut, 1/2-13","Nylon Lock Nut, 1/2-13",0,"Non-Inventory","Single",,"120502","No","","","","","","","","","","",1.14,0.76,"Services","Purchases","","120502","120502",
"Nylon SS Brown Cable","Nylon SS Brown Cable",0,"Non-Inventory","Single",,"1121587","No","","","","","","","","","","",29.99,24.63,"Services","Purchases","","126”long 1/16”-1121587 nylon SS brown cable","126”long 1/16”-1121587 nylon SS brown cable",
"Nylon Sling","Nylon Sling",0,"Non-Inventory","Single",,,"No","","","","","","","","","","",49.99,37.284,"Services","Purchases","","EE1-801 1"" 1-PLY EYE & EYE NYLON SLING HD
Length : 13.00000 FT
Eye Size: 4""
*** VA 1160411***
WLL:V=1600# C=1200# B=3200#","EE1-801 1"" 1-PLY EYE & EYE NYLON SLING HD
Length : 13.00000 FT
Eye Size: 4""
*** VA 1160411***
WLL:V=1600# C=1200# B=3200#",
"O ring, 160-01-303","O ring, 160-01-303",0,"Non-Inventory","Single",,"160-01-303","No","","","","","","","","","","",27.99,22.24,"Services","Purchases","",,,
"O ring, 160-01-475","O ring, 160-01-475",0,"Non-Inventory","Single",,"160-01-475","No","","","","","","","","","","",41.99,33.57,"Services","Purchases","",,,
"OZ Lifting Products, 500 lbs., OBHW500","OZ Lifting Products, 500 lbs., OBHW500",0,"Non-Inventory","Single",,"OBHW500, 6471372","No","","","","","","","","","","",,,"Services","Purchases","","Electric Builders Hoist, Capacity 500 lb, Lift Height 90 ft","Electric Builders Hoist, Capacity 500 lb, Lift Height 90 ft",
"Oil Seal, 160-01-381","Oil Seal, 160-01-381",0,"Non-Inventory","Single",,"160-01-381","No","","","","","","","","","","",26.97,20.23,"Services","Purchases","","Brake Parts","Brake Parts",
"Oil Seal, HAR-50X70X10ADL","Oil Seal, HAR-50X70X10ADL",0,"Non-Inventory","Single","Seal","HAR-50X70X10ADL","No","","","","","","","","","","",6.14,4.44,"Services","Purchases","","Oil Seal Material: NBR (Nitrile Butadiene Rubber), 50 mm (ID) X 70 mm (OD) X 10 mm (W), Operating Temperature: -25 to 120 degC.
Customer item: M13159","Oil Seal Material: NBR (Nitrile Butadiene Rubber), 50 mm (ID) X 70 mm (OD) X 10 mm (W), Operating Temperature: -25 to 120 degC.
Customer item: M13159",
"Orion Fans, OD1238-24HBXC","Orion Fans, OD1238-24HBXC",0,"Non-Inventory","Single",,"OD1238-24HBXC","No","","","","","","","","","","",,,"Services","Purchases","","DC Fans DC Fan, High Performance, 120x120x38mm, 24VDC, 200CFM, 0.98A, 61dBA, Ball, Wire","DC Fans DC Fan, High Performance, 120x120x38mm, 24VDC, 200CFM, 0.98A, 61dBA, Ball, Wire",
"Osborn OG-80 Safety Lockout","Osborn OG-80 Safety Lockout",0,"Non-Inventory","Single",,,"No","","","","","","","","","","",,,"Services","Purchases","","Safety Lockout Ragout Hasp Vinyl Coated Aluminum 1 inch","Safety Lockout Ragout Hasp Vinyl Coated Aluminum 1 inch",
"Over Size Roller Chain 2082","Over Size Roller Chain 2082",0,"Non-Inventory","Single",,"802258","No","","","","","","","","","","",,,"Services","Purchases","","14-1/2ft Long 2” Pitch","14-1/2ft Long 2” Pitch",
"Overhaul kit SV 1040 C / D, 0994567103","Overhaul kit SV 1040 C / D, 0994567103",0,"Non-Inventory","Single",,"0994567103","No","","","","","","","","","","",1051.97,766,"Services","Purchases","","Vanes Aerodur 274 Zirkon","Vanes Aerodur 274 Zirkon",
"Oversized Sprocket, 1027264","Oversized Sprocket, 1027264",0,"Non-Inventory","Single",,"1027264 - 50B40 27A","No","","","","","","","","","","",79,67.15,"Services","Purchases","","SPR 50B40 27 A TF","1027264 - 50B40 27A",
"PBB Step caster Swivel with Plate","PBB Step caster Swivel with Plate",0,"Non-Inventory","Single","Casters","PBB Step","No","","","","","","","","","","",256.99,205,"Services","Purchases","","PBB Step Caster Swivel Dimensions 6 X 2 Inch weight 2500lbs with plate 6.250X4.50 inches","PBB Step Caster Swivel Dimensions 6 X 2 Inch weight 2500lbs with plate 6.250X4.50 inches",
"PERMA Flex Automatic Lubrication Systems 125cc Mobil Grease XHP 221","PERMA Flex Automatic Lubrication Systems 125cc Mobil Grease XHP 221",0,"Non-Inventory","Single",,"B0D9C83CNH","No","","","","","","","","","","",99.99,79.3715,"Services","Purchases","","Can be used for inside and outside applications at temperatures ranging from -4 °F to 140 °F (-20 °C to 60 °C)","Can be used for inside and outside applications at temperatures ranging from -4 °F to 140 °F (-20 °C to 60 °C)",
"PHILIPS ICN-3P32-N BALLAST","PHILIPS ICN-3P32-N BALLAST",0,"Non-Inventory","Single",,"ICN-3P32-N","Yes","","","","","","","","","","",,,"Services","","","Electronic Ballast, Lamp Type T8 Lamps, Voltage 120/277.",,
"PHOTOCRAFT TRI-TRONICS INCREMENTAL SHAFT ENCODER HS20.5-P64AJ/8-30S M220 ST. 5- FB2B-20","PHOTOCRAFT TRI-TRONICS INCREMENTAL SHAFT ENCODER HS20.5-P64AJ/8-30S M220 ST. 5- FB2B-20",0,"Non-Inventory","Single",,"HS20.5-P64AJ/8-30S M220 ST. 5- FB2B-20","No","","","","","","","","","","",472.76,378.21,"Services","Purchases","","HS20/R20 WITH 16MM SIDE CONNECTOR M220","HS20/R20 WITH 16MM SIDE CONNECTOR M220",
"PHOTOCRAFT TRI-TRONICS INCREMENTAL SHAFT ENCODER HS20.5-P64AJ/8-30S3","PHOTOCRAFT TRI-TRONICS INCREMENTAL SHAFT ENCODER HS20.5-P64AJ/8-30S3",0,"Non-Inventory","Single",,"HS20.5-P64AJ/8-30S3","No","","","","","","","","","","",334.25,267.15,"Services","Purchases","","Programmable HS20 hollow shaft encoder with one output, anti-jitter feature. Push-Pull Output Circuit. 4-pin 12mm connector. 1/2"" Shaft Bore.","Programmable HS20 hollow shaft encoder with one output, anti-jitter feature. Push-Pull Output Circuit. 4-pin 12mm connector. 1/2"" Shaft Bore.",
"PITTSBURGH 2 Ton Capacity Foldable Shop Crane","PITTSBURGH 2 Ton Capacity Foldable Shop Crane",0,"Non-Inventory","Single",,"58755","No","","","","","","","","","","",499.99,,"Services","Purchases","","Boom extends from 41 inch. to 61-3/4 inch.
Maximum crane height adjusts from 75-3/16 inch. to 90-1/2 inch.
Working Load: 4000 lbs","Boom extends from 41 inch. to 61-3/4 inch.
Maximum crane height adjusts from 75-3/16 inch. to 90-1/2 inch.
Working Load: 4000 lbs",
"POWER-LOCK, PL1""","POWER-LOCK, PL1""",0,"Non-Inventory","Single","Power Lock","C200E-100","No","","","","","","","","","","",69.99,49.66,"Services","Purchases","","Carbon Steel Keyless Locking Device, Inch size range: 3/4 inch thru 11-13/16 inch
Customer item: M3459","Carbon Steel Keyless Locking Device, Inch size range: 3/4 inch thru 11-13/16 inch
Customer item: M3459",
"PRATT MECHANICA LIMIT SWITCH, LSVT-L-000","PRATT MECHANICA LIMIT SWITCH, LSVT-L-000",0,"Non-Inventory","Single",,"LSVT-L-000","No","","","","","","","","","","",356.25,285,"Services","Purchases","","ELECTRICAL RATING 16A 1/2HP 125/250VAC

 0.6A 125VDC 0.3A 250VD, Aluminum Housing, NEMA 4 Enclosure","ELECTRICAL RATING 16A 1/2HP 125/250VAC

 0.6A 125VDC 0.3A 250VD, Aluminum Housing, NEMA 4 Enclosure",
"PT3D Protect3 Safety Wire Gl","PT3D Protect3 Safety Wire Gl",0,"Non-Inventory","Single",,"13"" X 57” X 1/4”","No","","","","","","","","","","",1554.74,1078.18,"Services","Purchases","","1/4"" Thickness, CAT II Impact Safety Rated, UL Tested & Labeled, for 45-90 Minute Fire Rated Door & Window Assemblies (Fire Rating Based on Size & Assembly Type, (Labeling: ANSI/UL 10C, ANSI Z97.1-2004 U A CPSC 16CFR1201 CAT II) Fire Rating: 45 MIN FIRE LABEL, Assembly Type:_(Doors). Size:  (W x Ht.):_13"" X 57” X 1/4”","1/4"" Thickness, CAT II Impact Safety Rated, UL Tested & Labeled, for 45-90 Minute Fire Rated Door & Window Assemblies (Fire Rating Based on Size & Assembly Type, (Labeling: ANSI/UL 10C, ANSI Z97.1-2004 U A CPSC 16CFR1201 CAT II) Fire Rating: 45 MIN FIRE LABEL, Assembly Type:_(Doors). Size:  (W x Ht.):_13"" X 57” X 1/4”",
"PTFE Thread Seal Tape - 1/2"" x 520"", White","PTFE Thread Seal Tape - 1/2"" x 520"", White",0,"Non-Inventory","Single",,"PTFE12-520","No","","","","","","","","","","",,,"Services","Purchases","","Non-stick, flexible, and easy to tear for convenient use","Non-stick, flexible, and easy to tear for convenient use",
"PULLEY FLAT FACE MILD STEEL MAXIMUM CIRCULAR RUNOUT, UHF0643800QDSDS","PULLEY FLAT FACE MILD STEEL MAXIMUM CIRCULAR RUNOUT, UHF0643800QDSDS",0,"Non-Inventory","Single",,"UHF0643800QDSDS","No","","","","","","","","","","",779.99,621.95,"Services","Purchases","","6.500"" DIA. X 0.2500"" X 38"" LONG SDS CARBON STEEL HUBS, 1.438"" BORE - CARBON STEEL BUSHINGS INCLUDED, PAINT - SW ENAMEL RAL7024, BALANCING NOT INCLUDED","6.500"" DIA. X 0.2500"" X 38"" LONG SDS CARBON STEEL HUBS, 1.438"" BORE - CARBON STEEL BUSHINGS INCLUDED, PAINT - SW ENAMEL RAL7024, BALANCING NOT INCLUDED",
"PVK125 FSXFS-NA BLACK FR, 908103/ 16,154 mm","PVK125 FSXFS-NA BLACK FR, 908103/ 16,154 mm",0,"Non-Inventory","Single",,"908103/ 16,154 mm","No","","","","","","","","","","",1031.33,773.5,"Services","Purchases","","Length: 16,154 mm
Width: 914 mm
ADV Transtex: With mech. fasteners HS
Cut-off angle: 90
Mechanical Fastener: HS-24 stainless 300","Length: 16,154 mm
Width: 914 mm
ADV Transtex: With mech. fasteners HS
Cut-off angle: 90
Mechanical Fastener: HS-24 stainless 300",
"PVK125 FSXFS-NA BLACK FR, 908103/ 16,459 mm","PVK125 FSXFS-NA BLACK FR, 908103/ 16,459 mm",0,"Non-Inventory","Single",,"908103/ 16,459 mm","No","","","","","","","","","","",1046.8,785.1,"Services","Purchases","","Length: 16,459 mm
Width: 914 mm
ADV Transtex: With mech. fasteners HS
Cut-off angle: 90
Mechanical Fastener: HS-24 stainless 300","Length: 16,459 mm
Width: 914 mm
ADV Transtex: With mech. fasteners HS
Cut-off angle: 90
Mechanical Fastener: HS-24 stainless 300",
"PVK125 FSXFS-NA BLACK FR, 908103/ 18,898 mm","PVK125 FSXFS-NA BLACK FR, 908103/ 18,898 mm",0,"Non-Inventory","Single",,"908103/ 18,898 mm","No","","","","","","","","","","",984.76,738.57,"Services","Purchases","","Length: 18,898 mm
Width: 762 mm
ADV Transtex: With mech. fasteners HS
Cut-off angle: 90
Mechanical Fastener: HS-24 stainless 300","Length: 18,898 mm
Width: 762 mm
ADV Transtex: With mech. fasteners HS
Cut-off angle: 90
Mechanical Fastener: HS-24 stainless 300",
"PVK125 FSXFS-NA BLACK FR, 908103/ 18,898 mm, 914 mm","PVK125 FSXFS-NA BLACK FR, 908103/ 18,898 mm, 914 mm",0,"Non-Inventory","Single",,"908103/ 18,898 mm","No","","","","","","","","","","",1170.39,877.79,"Services","Purchases","","Length: 18,898 mm
Width: 914 mm
ADV Transtex: With mech. fasteners HS
Cut-off angle: 90
Mechanical Fastener: HS-24 stainless 300","Length: 18,898 mm
Width: 914 mm
ADV Transtex: With mech. fasteners HS
Cut-off angle: 90
Mechanical Fastener: HS-24 stainless 300",
"PVK125 FSXFS-NA BLACK FR, 908103/ 19,202 mm","PVK125 FSXFS-NA BLACK FR, 908103/ 19,202 mm",0,"Non-Inventory","Single",,"908103/ 19,202 mm","No","","","","","","","","","","",1185.79,889.34,"Services","Purchases","","Length: 19,202 mm
Width: 914 mm
ADV Transtex: With mech. fasteners HS
Cut-off angle: 90
Mechanical Fastener: HS-24 stainless 300","Length: 19,202 mm
Width: 914 mm
ADV Transtex: With mech. fasteners HS
Cut-off angle: 90
Mechanical Fastener: HS-24 stainless 300",
"PVK125 FSXFS-NA BLACK FR, 908103/ 20,117 mm","PVK125 FSXFS-NA BLACK FR, 908103/ 20,117 mm",0,"Non-Inventory","Single",,"908103/ 20,117 mm","No","","","","","","","","","","",1036.25,777.19,"Services","Purchases","","Length: 20,117 mm
Width: 762 mm
ADV Transtex: With mech. fasteners HS
Cut-off angle: 90
Mechanical Fastener: HS-24 stainless 300","Length: 20,117 mm
Width: 762 mm
ADV Transtex: With mech. fasteners HS
Cut-off angle: 90
Mechanical Fastener: HS-24 stainless 300",
"PVK125 FSXFS-NA BLACK FR, 908103/ 22,250 mm","PVK125 FSXFS-NA BLACK FR, 908103/ 22,250 mm",0,"Non-Inventory","Single",,"908103/ 22,250 mm","No","","","","","","","","","","",1340.24,1005.18,"Services","Purchases","","Length: 22,250 mm
Width: 914 mm
ADV Transtex: With mech. fasteners HS
Cut-off angle: 90
Mechanical Fastener: HS-24 stainless 300","Length: 22,250 mm
Width: 914 mm
ADV Transtex: With mech. fasteners HS
Cut-off angle: 90
Mechanical Fastener: HS-24 stainless 300",
"PVK125 FSXFS-NA BLACK FR, 908103/ 24,384 mm","PVK125 FSXFS-NA BLACK FR, 908103/ 24,384 mm",0,"Non-Inventory","Single",,"908103/ 24,384 mm","No","","","","","","","","","","",1448.39,1086.29,"Services","Purchases","","Length: 24,384 mm
Width: 914 mm
ADV Transtex: With mech. fasteners HS
Cut-off angle: 90
Mechanical Fastener: HS-24 stainless 300","Length: 24,384 mm
Width: 914 mm
ADV Transtex: With mech. fasteners HS
Cut-off angle: 90
Mechanical Fastener: HS-24 stainless 300",
"PVK125 FSXFS-NA BLACK FR, 908103/ 33,223 mm","PVK125 FSXFS-NA BLACK FR, 908103/ 33,223 mm",0,"Non-Inventory","Single",,"908103/ 33,223 mm","No","","","","","","","","","","",1896.27,1422.2,"Services","Purchases","","Length: 33,223 mm
Width: 914 mm
ADV Transtex: With mech. fasteners HS
Cut-off angle: 90
Mechanical Fastener: HS-24 stainless 300","Length: 33,223 mm
Width: 914 mm
ADV Transtex: With mech. fasteners HS
Cut-off angle: 90
Mechanical Fastener: HS-24 stainless 300",
"PVK125 FSXFS-NA BLACK FR, 908103/ 34,443 mm","PVK125 FSXFS-NA BLACK FR, 908103/ 34,443 mm",0,"Non-Inventory","Single",,"908103/ 34,443 mm","No","","","","","","","","","","",1958.09,1468.57,"Services","Purchases","","Length: 34,443 mm
Width: 914 mm
ADV Transtex: With mech. fasteners HS
Cut-off angle: 90
Mechanical Fastener: HS-24 stainless 300","Length: 34,443 mm
Width: 914 mm
ADV Transtex: With mech. fasteners HS
Cut-off angle: 90
Mechanical Fastener: HS-24 stainless 300",
"PVK125 FSXFS-NA BLACK FR, 908103/ 37,490 mm","PVK125 FSXFS-NA BLACK FR, 908103/ 37,490 mm",0,"Non-Inventory","Single",,"908103/ 37,490 mm","No","","","","","","","","","","",2112.49,1584.37,"Services","Purchases","","Length: 37,490 mm
Width: 914 mm
ADV Transtex: With mech. fasteners HS
Cut-off angle: 90
Mechanical Fastener: HS-24 stainless 300","Length: 37,490 mm
Width: 914 mm
ADV Transtex: With mech. fasteners HS
Cut-off angle: 90
Mechanical Fastener: HS-24 stainless 300",
"PVK125 FSXFS-NA BLACK FR, 908103/ 43,891 mm","PVK125 FSXFS-NA BLACK FR, 908103/ 43,891 mm",0,"Non-Inventory","Single",,"908103/ 43,891 mm","No","","","","","","","","","","",2436.88,1827.66,"Services","Purchases","","Length: 43,891 mm
Width: 914 mm
ADV Transtex: With mech. fasteners HS
Cut-off angle: 90
Mechanical Fastener: HS-24 stainless 300","Length: 43,891 mm
Width: 914 mm
ADV Transtex: With mech. fasteners HS
Cut-off angle: 90
Mechanical Fastener: HS-24 stainless 300",
"PVK125 FSXFS-NA BLACK FR, 908103/ 6,706 mm","PVK125 FSXFS-NA BLACK FR, 908103/ 6,706 mm",0,"Non-Inventory","Single",,"908103/ 6,706 mm","No","","","","","","","","","","",552.56,414.42,"Services","Purchases","","Length: 6,706 mm
Width: 914 mm
ADV Transtex: With mech. fasteners HS
Cut-off angle: 90
Mechanical Fastener: HS-24 stainless 300","Length: 6,706 mm
Width: 914 mm
ADV Transtex: With mech. fasteners HS
Cut-off angle: 90
Mechanical Fastener: HS-24 stainless 300",
"PVK125 FSXFS-NA BLACK FR, 908103/ 8,230 mm","PVK125 FSXFS-NA BLACK FR, 908103/ 8,230 mm",0,"Non-Inventory","Single",,"908103/ 8,230 mm","No","","","","","","","","","","",629.79,472.34,"Services","Purchases","","Length: 8,230 mm
Width: 914 mm
ADV Transtex: With mech. fasteners HS
Cut-off angle: 90
Mechanical Fastener: HS-24 stainless 300","Length: 8,230 mm
Width: 914 mm
ADV Transtex: With mech. fasteners HS
Cut-off angle: 90
Mechanical Fastener: HS-24 stainless 300",
"PVK150 FSXFS-NA BLACK FR, 908125/ 18,898 mm","PVK150 FSXFS-NA BLACK FR, 908125/ 18,898 mm",0,"Non-Inventory","Single",,"908125/ 18,898 mm","No","","","","","","","","","","",1434.23,1075.67,"Services","Purchases","","Length: 18,898 mm
Width: 762 mm
ADV Transtex: With mech. fasteners HS
Cut-off angle: 90
Mechanical Fastener: HS-25 stainless","Length: 18,898 mm
Width: 762 mm
ADV Transtex: With mech. fasteners HS
Cut-off angle: 90
Mechanical Fastener: HS-25 stainless",
"PVK150 FSXFS-NA BLACK FR, 908125/ 20,117 mm","PVK150 FSXFS-NA BLACK FR, 908125/ 20,117 mm",0,"Non-Inventory","Single",,"908125/ 20,117","No","","","","","","","","","","",1513.11,1134.83,"Services","Purchases","","Length: 20,117 mm
Width: 762 mm
ADV Transtex: With mech. fasteners HS
Cut-off angle: 90
Mechanical Fastener: HS-25 stainless","Length: 20,117 mm
Width: 762 mm
ADV Transtex: With mech. fasteners HS
Cut-off angle: 90
Mechanical Fastener: HS-25 stainless",
"PVK150 FSXFS-NA BLACK FR, 908125/ 33,223 mm","PVK150 FSXFS-NA BLACK FR, 908125/ 33,223 mm",0,"Non-Inventory","Single",,"908125/ 33,223 mm","No","","","","","","","","","","",2815.97,2111.98,"Services","Purchases","","Length: 33,223 mm
Width: 914 mm
ADV Transtex: With mech. fasteners HS
Cut-off angle: 90
Mechanical Fastener: HS-25 stainless","Length: 33,223 mm
Width: 914 mm
ADV Transtex: With mech. fasteners HS
Cut-off angle: 90
Mechanical Fastener: HS-25 stainless",
"PVK150 FSXFS-NA BLACK FR, 908125/ 34,443 mm","PVK150 FSXFS-NA BLACK FR, 908125/ 34,443 mm",0,"Non-Inventory","Single",,"908125/ 34,443 mm","No","","","","","","","","","","",2910.64,2182.98,"Services","Purchases","","Length: 34,443 mm
Width: 914 mm
ADV Transtex: With mech. fasteners HS
Cut-off angle: 90
Mechanical Fastener: HS-25 stainless","Length: 34,443 mm
Width: 914 mm
ADV Transtex: With mech. fasteners HS
Cut-off angle: 90
Mechanical Fastener: HS-25 stainless",
"PVK150 FSXFS-NA BLACK FR, 908125/ 37,490 mm","PVK150 FSXFS-NA BLACK FR, 908125/ 37,490 mm",0,"Non-Inventory","Single",,"908125/ 37,490 mm","No","","","","","","","","","","",3147.07,2360.3,"Services","Purchases","","Length: 37,490 mm
Width: 914 mm
ADV Transtex: With mech. fasteners HS
Cut-off angle: 90
Mechanical Fastener: HS-25 stainless","Length: 37,490 mm
Width: 914 mm
ADV Transtex: With mech. fasteners HS
Cut-off angle: 90
Mechanical Fastener: HS-25 stainless",
"PVK150 FSXFS-NA BLACK FR, 908125/ 43,891 mm","PVK150 FSXFS-NA BLACK FR, 908125/ 43,891 mm",0,"Non-Inventory","Single",,"908125/ 43,891 mm","No","","","","","","","","","","",3643.73,2732.8,"Services","Purchases","","Length: 43,891 mm
Width: 914 mm
ADV Transtex: With mech. fasteners HS
Cut-off angle: 90
Mechanical Fastener: HS-25 stainless","Length: 43,891 mm
Width: 914 mm
ADV Transtex: With mech. fasteners HS
Cut-off angle: 90
Mechanical Fastener: HS-25 stainless",
"PVK150 FSXFS-NA BLACK FR, 908125/ 6,706 mm","PVK150 FSXFS-NA BLACK FR, 908125/ 6,706 mm",0,"Non-Inventory","Single",,"908125/ 6,706 mm","No","","","","","","","","","","",758.45,568.84,"Services","Purchases","","Length: 6,706 mm
Width: 914 mm
ADV Transtex: With mech. fasteners HS
Cut-off angle: 90
Mechanical Fastener: HS-25 stainless","Length: 6,706 mm
Width: 914 mm
ADV Transtex: With mech. fasteners HS
Cut-off angle: 90
Mechanical Fastener: HS-25 stainless",
"PVK150 FSXFS-NA BLACK FR, 908125‬, 8,230 mm","PVK150 FSXFS-NA BLACK FR, 908125‬, 8,230 mm",0,"Non-Inventory","Single",,"908125‬","No","","","","","","","","","","",876.69,657.52,"Services","Purchases","","Length: 8,230 mm
Width: 914 mm
ADV Transtex: With mech. fasteners HS
Cut-off angle: 90
Mechanical Fastener: HS-25 stainless","Length: 8,230 mm
Width: 914 mm
ADV Transtex: With mech. fasteners HS
Cut-off angle: 90
Mechanical Fastener: HS-25 stainless",
"PVK150 FSXFS-NA BLACK FR, 908125‬/ 16,154 mm","PVK150 FSXFS-NA BLACK FR, 908125‬/ 16,154 mm",0,"Non-Inventory","Single",,"908125‬","No","","","","","","","","","","",1491.55,1118.66,"Services","Purchases","","Length: 16,154 mm
Width: 914 mm
ADV Transtex: With mech. fasteners HS
Cut-off angle: 90
Mechanical Fastener: HS-25 stainless","Length: 16,154 mm
Width: 914 mm
ADV Transtex: With mech. fasteners HS
Cut-off angle: 90
Mechanical Fastener: HS-25 stainless",
"PVK150 FSXFS-NA BLACK FR, 908125‬/ 16,459 mm","PVK150 FSXFS-NA BLACK FR, 908125‬/ 16,459 mm",0,"Non-Inventory","Single",,"908125‬","No","","","","","","","","","","",1515.19,1136.39,"Services","Purchases","","Length: 16,459 mm
Width: 914 mm
ADV Transtex: With mech. fasteners HS
Cut-off angle: 90
Mechanical Fastener: HS-25 stainless","Length: 16,459 mm
Width: 914 mm
ADV Transtex: With mech. fasteners HS
Cut-off angle: 90
Mechanical Fastener: HS-25 stainless",
"PVK150 FSXFS-NA BLACK FR, 908125‬/ 18,898 mm","PVK150 FSXFS-NA BLACK FR, 908125‬/ 18,898 mm",0,"Non-Inventory","Single",,"908125‬","No","","","","","","","","","","",1704.45,1278.34,"Services","Purchases","","Length: 18,898 mm
Width: 914 mm
ADV Transtex: With mech. fasteners HS
Cut-off angle: 90
Mechanical Fastener: HS-25 stainless","Length: 18,898 mm
Width: 914 mm
ADV Transtex: With mech. fasteners HS
Cut-off angle: 90
Mechanical Fastener: HS-25 stainless",
"PVK150 FSXFS-NA BLACK FR, 908125‬/ 19,202 mm","PVK150 FSXFS-NA BLACK FR, 908125‬/ 19,202 mm",0,"Non-Inventory","Single",,"908125‬","No","","","","","","","","","","",1727.92,1295.94,"Services","Purchases","","Length: 19,202 mm
Width: 914 mm
ADV Transtex: With mech. fasteners HS
Cut-off angle: 90
Mechanical Fastener: HS-25 stainless","Length: 19,202 mm
Width: 914 mm
ADV Transtex: With mech. fasteners HS
Cut-off angle: 90
Mechanical Fastener: HS-25 stainless",
"PVK150 FSXFS-NA BLACK FR, 908125‬/ 22,250 mm","PVK150 FSXFS-NA BLACK FR, 908125‬/ 22,250 mm",0,"Non-Inventory","Single",,"908125‬","No","","","","","","","","","","",1964.56,1473.42,"Services","Purchases","","Length: 22,250 mm
Width: 914 mm
ADV Transtex: With mech. fasteners HS
Cut-off angle: 90
Mechanical Fastener: HS-25 stainless","Length: 22,250 mm
Width: 914 mm
ADV Transtex: With mech. fasteners HS
Cut-off angle: 90
Mechanical Fastener: HS-25 stainless",
"PVK150 FSXFS-NA BLACK FR, 908125‬/ 24,384 mm","PVK150 FSXFS-NA BLACK FR, 908125‬/ 24,384 mm",0,"Non-Inventory","Single",,"908125‬","No","","","","","","","","","","",2130.13,1597.6,"Services","Purchases","","Length: 24,384 mm
Width: 914 mm
ADV Transtex: With mech. fasteners HS
Cut-off angle: 90
Mechanical Fastener: HS-25 stainless","Length: 24,384 mm
Width: 914 mm
ADV Transtex: With mech. fasteners HS
Cut-off angle: 90
Mechanical Fastener: HS-25 stainless",
"PWC - 1"" SWIVEL JOINT S.S., L580-213-3297","PWC - 1"" SWIVEL JOINT S.S., L580-213-3297",0,"Non-Inventory","Single",,"L580-213-3297","No","","","","","","","","","","",462.5,370,"Services","Purchases","","PWC-66-45-2020, HTC:8483.60.0080","PWC-66-45-2020

 PWC-66-45-2020

PWC-66-45-2020, HTC:8483.60.0080",
"PWC WATER NOZZLE, L580-211-3136","PWC WATER NOZZLE, L580-211-3136",0,"Non-Inventory","Single",,"L580-211-3136","No","","","","","","","","","","",789.21,631.37,"Services","Purchases","","PWC-1-MNZ-NL NOZZLE, H T C :    8 4 2 4 . 9 0.9042","PWC-1-MNZ-NL NOZZLE, HTC:  8424.90.9042",
"Parker Auto Drain, For Sterile Air Filters, 21552","Parker Auto Drain, For Sterile Air Filters, 21552",0,"Non-Inventory","Single",,"21552","No","","","","","","","","","","",160,120,"Services","Purchases","",,,
"Parker Step Motor HV343-01-10","Parker Step Motor HV343-01-10",0,"Non-Inventory","Single","Motor","HV343-01-10","No","","","","","","","","","","",1984.99,1488,"Services","Purchases","","High Voltage stepper motor, 34 frame, triple stack, single 
shaft, 10 ft attached cable","High Voltage stepper motor, 34 frame, triple stack, single 
shaft, 10 ft attached cable",
"Parmak Fuses With Fuse Caps, 538","Parmak Fuses With Fuse Caps, 538",0,"Non-Inventory","Single",,"538","No","","","","","","","","","","",,,"Services","Purchases","","20 Volts, 1 Amps","20 Volts, 1 Amps",
"Permanent Magnet Mechanical Clutch, MC5-58","Permanent Magnet Mechanical Clutch, MC5-58",0,"Non-Inventory","Single","Magnet Clutch","MC5-58","No","","","","","","","","","","",1100,897,"Services","Purchases","","0.6250 inch Bore, 80.77 mm Length
Customer item: M12215","0.6250 inch Bore, 80.77 mm Length
Customer item: M12215",
"Pillow Block Ball Bearing Unit, MUCTB208-24","Pillow Block Ball Bearing Unit, MUCTB208-24",0,"Non-Inventory","Single","Bearings","MUCTB208-24/ SUCSPA208-24","No","","","","","","","","","","",272.49,208.71,"Services","Purchases","","1-1/2 in Bore, 304 Stainless Steel Material, Standard Duty.
Customer item: M18900","1-1/2 in Bore, 304 Stainless Steel Material, Standard Duty.
Customer item: M18900",
"Pillow Block Bearings, UCTB211-35NP","Pillow Block Bearings, UCTB211-35NP",0,"Non-Inventory","Single","Bearings:Tape Base","UCTB211-35 NP","No","","","","","","","","","","",176.49,149.81,"Services","Purchases","","2-3/16 Wide Set Screw Tapped base, Nickel Tapped Base
Customer item: M13272","2-3/16 Wide Set Screw Tapped base, Nickel Tapped Base
Customer item: M13272",
"Pleated Air Filters - 16 x 25 x 2"", MERV 8","Pleated Air Filters - 16 x 25 x 2"", MERV 8",0,"Non-Inventory","Single",,,"No","","","","","","","","","","",,,"Services","Purchases","","Dust Defense, Pleated HVAC AC Furnace Air Filters Replacement","Dust Defense, Pleated HVAC AC Furnace Air Filters Replacement",
"Power Lock Bushing, PL1-3/8","Power Lock Bushing, PL1-3/8",0,"Non-Inventory","Single","Power Lock","PL1-3/8","No","","","","","","","","","","",64.99,50.06,"Services","Purchases","","1.375 inch ID, 2.365 inch OD
Customer item: M3454","1.375 inch ID, 2.365 inch OD
Customer item: M3454",
"Power Lock, Locking Assembly, C200E-162","Power Lock, Locking Assembly, C200E-162",0,"Non-Inventory","Single","Power Lock","C200E-162","No","","","","","","","","","","",80.49,64.43,"Services","Purchases","","C200 Series, 1.6250 in ID, 2.9528 in OD, 0.9450 in LTB
Customer item: M3452","C200 Series, 1.6250 in ID, 2.9528 in OD, 0.9450 in LTB
Customer item: M3452",
"Power Lock, Locking Assembly, C405E-200, Series C405","Power Lock, Locking Assembly, C405E-200, Series C405",0,"Non-Inventory","Single","Power Lock","C405E-200","No","","","","","","","","","","",259.99,189.47,"Services","Purchases","","Keyless Locking Rigid Coupling - 2 inch Bore, 3.1496 inch OD, 2.9130 inch Length, SS
Customer item: M22530","Keyless Locking Rigid Coupling - 2 inch Bore, 3.1496 inch OD, 2.9130 inch Length, SS
Customer item: M22530",
"Power Transmission, SS 2080-A48","Power Transmission, SS 2080-A48",0,"Non-Inventory","Single",,"2080-A48","No","","","","","","","","","","",689.99,460,"Services","Purchases","","2080A48 X Stock Bore (1-3/16"") Stainless Steel, Min. Bore
Customer item: M3570","2080A48 X Stock Bore (1-3/16"") Stainless Steel, Min. Bore
Customer item: M3570",
"Power Turn Belt BC BELT ASSY 54HS57","Power Turn Belt BC BELT ASSY 54HS57",0,"Non-Inventory","Single","Belt","54HS57","No","","","","","","","","","","",3758,3361.75,"Services","Purchases","","F90 PVOP 289.5L 40T","F90 PVOP 289.5L 40T",
"Power Turn Belts , 48039- 35","Power Turn Belts , 48039- 35",0,"Non-Inventory","Single",,"179863-319107","No","","","","","","","","","","",,,"Services","Purchases","","BC-PRT-BELT-ASSY BELT ASSY 48C39 F35 27T PVOP 90L","BC-PRT-BELT-ASSY BELT ASSY 48C39 F35 27T PVOP 90L",
"Power on (Grey)","Power on (Grey)",0,"Non-Inventory","Single",,"F4S000203","Yes","","","","","","","","","","",4.99,,"Sales","Cost of goods sold","","Specifications:","Specifications:",
"Pulley QS ERW, 65101263","Pulley QS ERW, 65101263",0,"Non-Inventory","Single","Belt:Belt Pulley","65101263","No","","","","","","","","","","",513,436.05,"Services","Purchases","","SG 23 48C39","SG 23 48C39",
"Purolator P312 19.5x34.5x2 inch","Purolator P312 19.5x34.5x2 inch",0,"Non-Inventory","Single",,,"No","","","","","","","","","","",,,"Services","Purchases","","19.5"" x 34.5"" x 2"" MERV 8 AC & Furnace Filters","19.5"" x 34.5"" x 2"" MERV 8 AC & Furnace Filters",
"Pushbutton Enclosure, 8.00 in H, 3 Holes","Pushbutton Enclosure, 8.00 in H, 3 Holes",0,"Non-Inventory","Single",,"E3PBX","No","","","","","","","","","","",224.55,166.84,"Services","Purchases","","Box Metal, Steel Gray (Cover Included)
Size	3PB x 30.5mm
Dimensions: 7.992"" L x 4.016"" W x 4.764"" H
(203.00 mm x 102.00 mm x 121.00 mm)
Thickness: 14 Gauge / 1.9 mm
Ratings: IP65, NEMA 12, 13, UL-508A","Box Metal, Steel Gray (Cover Included)
Size	3PB x 30.5mm
Dimensions: 7.992"" L x 4.016"" W x 4.764"" H
(203.00 mm x 102.00 mm x 121.00 mm)
Thickness: 14 Gauge / 1.9 mm
Ratings: IP65, NEMA 12, 13, UL-508A",
"Q- Belt, 906434 E 8/2 U0/V15 LG-FR BLAC","Q- Belt, 906434 E 8/2 U0/V15 LG-FR BLAC",0,"Non-Inventory","Single","Belt:Conveyor Belt","906434","No","","","","","","","","","","",569.99,469.61,"Services","Purchases","","WDTH: 3' 2-1/4"", COLOR: BLACK, 137"" LG, FOR POSITIVELY TRACKED CONVEYOR, W/(2) NYLON GUIDES
Length 3,480 mm
Width 972 mm","WDTH: 3' 2-1/4"", COLOR: BLACK, 137"" LG, FOR POSITIVELY TRACKED CONVEYOR, W/(2) NYLON GUIDES
Length 3,480 mm
Width 972 mm",
"Quick Disconnect Bushing, SH 1-1/2","Quick Disconnect Bushing, SH 1-1/2",0,"Non-Inventory","Single","Bushing","SH 1-1/2","No","","","","","","","","","","",13.49,8.83,"Services","Purchases","","1-1/2 inch Bore, 2.6875 inch Flange OD, 1.25 inch LTB
Customer item: M18306","1-1/2 inch Bore, 2.6875 inch Flange OD, 1.25 inch LTB
Customer item: M18306",
"Quick-Change Disc Roloc TR, 2″ Dia, 60 Grit, Ceramic Coated","Quick-Change Disc Roloc TR, 2″ Dia, 60 Grit, Ceramic Coated",0,"Non-Inventory","Single",,"F4S000302","Yes","","","","","","","","","","",0.79,,"Sales of Product Income","Cost of goods sold","","Specification:","Specification:",
"REPAIR KIT, BUNA, KEYSTONE FIG., RK-F89-032-N","REPAIR KIT, BUNA, KEYSTONE FIG., RK-F89-032-N",0,"Non-Inventory","Single",,"RK-F89-032-N","No","","","","","","","","","","",194.67,146,"Services","Purchases","","F89U/E-032/33, EE ISV-1101887","F89U/E-032/33, EE ISV-1101887",
"RETURN WHEEL ASSY, 1200290","RETURN WHEEL ASSY, 1200290",0,"Non-Inventory","Single",,"1200290","No","","","","","","","","","","",198.67,149,"Services","Purchases","","SQ 39CW","SQ 39CW",
"ROL-X48609","ROL-X48609",0,"Non-Inventory","Single",,,"No","","","","","","","","","","",203.75,147,"Services","Purchases","","FLAT FACE MILD STEEL
5.000"" DIA. X 0.120"" WALL X 30"" LONG 0.750"" BORE - FOR WELDED
SHAFT
*NO RADIUS ON ROLLER ENDS*
SHAFT - 0.750"" DIAMETER X 35.000"" LONG - 1018 CR
LEFT EXTENSION: 2.5000""
LEFT DRILL AND TAP: 1/4-20 X 1.000"" DEEP
RIGHT EXTENSION: 2.5000""
RIGHT DRILL AND TAP: 1/4-20 X 1.000"" DEEP
PAINT - SW ENAMEL RAL7024
ESTIMATED CAPACITY BASED ON 33"" BEARING CENTERS IS 30
LBS. (1.00 P.I.W.).
CAPACITY IS BASED ON SHAFT DEFLECTION.
*NO RADIUS ON ROLLER ENDS*","FLAT FACE MILD STEEL
5.000"" DIA. X 0.120"" WALL X 30"" LONG 0.750"" BORE - FOR WELDED
SHAFT
*NO RADIUS ON ROLLER ENDS*
SHAFT - 0.750"" DIAMETER X 35.000"" LONG - 1018 CR
LEFT EXTENSION: 2.5000""
LEFT DRILL AND TAP: 1/4-20 X 1.000"" DEEP
RIGHT EXTENSION: 2.5000""
RIGHT DRILL AND TAP: 1/4-20 X 1.000"" DEEP
PAINT - SW ENAMEL RAL7024
ESTIMATED CAPACITY BASED ON 33"" BEARING CENTERS IS 30
LBS. (1.00 P.I.W.).
CAPACITY IS BASED ON SHAFT DEFLECTION.
*NO RADIUS ON ROLLER ENDS*",
"Radial Ball Bearing, 6204.2RSR.C3","Radial Ball Bearing, 6204.2RSR.C3",0,"Non-Inventory","Single",,"6204.2RSR.C3","No","","","","","","","","","","",6.99,4.3,"Services","Purchases","","20 mm (ID) X 47 mm (OD) X 14 mm (Width).
Customer item: M18090","20 mm (ID) X 47 mm (OD) X 14 mm (Width).
Customer item: M18090",
"Radial Shaft Seal, HAR-35X60X7ADL","Radial Shaft Seal, HAR-35X60X7ADL",0,"Non-Inventory","Single","Bearings","HAR-35X60X7ADL","No","","","","","","","","","","",4.49,,"Services","Purchases","","35 mm (ID) X 60 mm (OD) X 7 mm (W).
Customer item: M13158","35 mm (ID) X 60 mm (OD) X 7 mm (W).
Customer item: M13158",
"Radial shaft seal with metal case, CRW1-R","Radial shaft seal with metal case, CRW1-R",0,"Non-Inventory","Single","Seal","CRW1-R","No","","","","","","","","","","",10.99,8,"Services","Purchases","","40mm x 90mm x 8mm, MPL-B640F Rockwell motor
Customer item: M14403","40mm x 90mm x 8mm, MPL-B640F Rockwell motor
Customer item: M14403",
"Rebar","Rebar",0,"Non-Inventory","Single",,,"No","","","","","","","","","","",,,"Services","","",,,
"Rectangular Gear Rack, 24 Pitch, 18"" Length","Rectangular Gear Rack, 24 Pitch, 18"" Length",0,"Non-Inventory","Single","Gear Rack","R2-9, F4S001456","Yes","","","","","","","","","","",9.99,,"Inventory","","","SS303, 20 Degree pressure Angle
Customer Item # M54N",,
"Recycled Cotton T-shirt Cloth Rag 50 lb.","Recycled Cotton T-shirt Cloth Rag 50 lb.",0,"Non-Inventory","Single",,"G4272511","No","","","","","","","","","","",95.8,,"Services","Purchases","","Varies Sizes, Assorted Colors","Varies Sizes, Assorted Colors",
"Reduced Pressure Zone Backflow Preventer Assembly Lead Free","Reduced Pressure Zone Backflow Preventer Assembly Lead Free",0,"Non-Inventory","Single",,"1LF009M2-QT-FS","No","","","","","","","","","","",757.65,567.56,"Services","Purchases","","WATTS 1LF009M2-QT-FS, Dimensions: 1 inch connection, Material: Lead-free, Valves: 1/4 turn shutoff","WATTS 1LF009M2-QT-FS, Dimensions: 1 inch connection, Material: Lead-free, Valves: 1/4 turn shutoff",
"Repair Kit","Repair Kit",0,"Non-Inventory","Single",,"198935501790037","No","","","","","","","","","","",401,301,"Services","Purchases","","REPAIR KIT, KEYSTONE TYPE 790-501/502
ACTUATOR
C/W O-RINGS, GREASE, BEARINGS, CIRCLIP
& AIR PASSAGE SEAL","REPAIR KIT, KEYSTONE TYPE 790-501/502
ACTUATOR
C/W O-RINGS, GREASE, BEARINGS, CIRCLIP
& AIR PASSAGE SEAL",
"Right Angle Bevel Speed Reducer, 0220-00308-004","Right Angle Bevel Speed Reducer, 0220-00308-004",0,"Non-Inventory","Single",,"0220-00308-004, AD2 1/1 C,F SP","No","","","","","","","","","","",849.99,670,"Services","Purchases","","AD2 Series, Spiral Gear Type, AD2 Reducer Size, Single, 1:1 Ratio, Left or Right Hand Output Direction, 0.6245 inch Input Dia., Solid Shaft Input, 0.6245 inch Output Dia
Customer item: M25","AD2 Series, Spiral Gear Type, AD2 Reducer Size, Single, 1:1 Ratio, Left or Right Hand Output Direction, 0.6245 inch Input Dia., Solid Shaft Input, 0.6245 inch Output Dia
Customer item: M25",
"Right Angle Bevel Speed Reducer, 0220-00833-150","Right Angle Bevel Speed Reducer, 0220-00833-150",0,"Non-Inventory","Single",,"0220-00833-150, 150 2/1 GG SP","No","","","","","","","","","","",,,"Services","Purchases","","50 Series, Spiral Gear Type, 150 Reducer Size, Single, 2:1 Ratio, Double Output Direction, 1 inch Input Dia., Solid Shaft Input, 1 inch Output Dia
Customer item: M6315","50 Series, Spiral Gear Type, 150 Reducer Size, Single, 2:1 Ratio, Double Output Direction, 1 inch Input Dia., Solid Shaft Input, 1 inch Output Dia
Customer item: M6315",
"Right Angle Drive, 02-20-00302-004","Right Angle Drive, 02-20-00302-004",0,"Non-Inventory","Single",,"02-20-00302-004","No","","","","","","","","","","",818.75,655,"Services","Purchases","","Model AD2, Style D or E, Ratio 1 : 1
Customer item: M3481","Model AD2, Style D or E, Ratio 1 : 1
Customer item: M3481",
"Rod Wiper 940-13","Rod Wiper 940-13",0,"Non-Inventory","Single",,"940-13","No","","","","","","","","","","",,,"Services","","","1.25 x 1.528 x 0.104 AN Style Polyuretha",,
"Rohent Backup Camera Wireless HD1080P","Rohent Backup Camera Wireless HD1080P",0,"Non-Inventory","Single",,,"Yes","","","","","","","","","","",,,"Services","Purchases","","2 Cameras with 7 Inch Touch Key DVR Monitor Stable Digital Signals Rear View Camera System IP69K Waterproof Pigtail Wire Adapter","2 Cameras with 7 Inch Touch Key DVR Monitor Stable Digital Signals Rear View Camera System IP69K Waterproof Pigtail Wire Adapter",
"Roller Chain Sprocket, 40-B18SS","Roller Chain Sprocket, 40-B18SS",0,"Non-Inventory","Single","Sprocket","40-B18SS","No","","","","","","","","","","",55.99,37.55,"Services","Purchases","","40 / 1/2 inch, 18 Teeth, 0.625 inch Stock Bore, Stainless Steel Material
Customer item: M13019","40 / 1/2 inch, 18 Teeth, 0.625 inch Stock Bore, Stainless Steel Material
Customer item: M13019",
"Roller Chain Sprocket, 40A16","Roller Chain Sprocket, 40A16",0,"Non-Inventory","Single","Sprocket","40A16","No","","","","","","","","","","",60.99,48.75,"Services","Purchases","","40 ½ inch, 5/8 inch Bore , 16 Teeth, Stainless Steel
Customer item: M6669","40 ½ inch, 5/8 inch Bore , 16 Teeth, Stainless Steel
Customer item: M6669",
"Roller Chain Sprocket, 40A18SS","Roller Chain Sprocket, 40A18SS",0,"Non-Inventory","Single","Sprocket","40A18SS","No","","","","","","","","","","",52.49,39.75,"Services","Purchases","","Tooth Count: 18, Material: 304 Stainless Steel, Outside Diameter: 3.140 inch, Stock Bore: 5/8 inch
Customer item: M13018","Tooth Count: 18, Material: 304 Stainless Steel, Outside Diameter: 3.140 inch, Stock Bore: 5/8 inch
Customer item: M13018",
"Roller Chain Sprocket, 40B14","Roller Chain Sprocket, 40B14",0,"Non-Inventory","Single","Sprocket","Z1B40-014-.50","No","","","","","","","","","","",49.99,28.15,"Services","Purchases","","40 ½ inch, 4 Teeth, ½ inch Stock Bore, Stainless Steel 
Customer item: M7122","40 ½ inch, 4 Teeth, ½ inch Stock Bore, Stainless Steel 
Customer item: M7122",
"Roller Chain Sprocket, 40B16SS PITCH","Roller Chain Sprocket, 40B16SS PITCH",0,"Non-Inventory","Single","Sprocket","40B16SS","No","","","","","","","","","","",55.99,42.15,"Services","Purchases","","40 TEETH: 16 Bore: Minimum Plain Bore
Customer item: M659","40 TEETH: 16 Bore: Minimum Plain Bore
Customer item: M659",
"Roller Chain Sprocket, 40B24 SS","Roller Chain Sprocket, 40B24 SS",0,"Non-Inventory","Single","Sprocket","40B24 SS","No","","","","","","","","","","",111.99,88.12,"Services","Purchases","","40- 1/2 inch, B Hub, 24 Teeth, 0.625 inch Stock Bore, Stainless Steel Material
Customer item: M8161","40- 1/2 inch, B Hub, 24 Teeth, 0.625 inch Stock Bore, Stainless Steel Material
Customer item: M8161",
"Roller Chain Sprocket, 50-A32 SS","Roller Chain Sprocket, 50-A32 SS",0,"Non-Inventory","Single","Sprocket","50-A32 SS","No","","","","","","","","","","",182.99,125,"Services","Purchases","","50 / 5/8 in, A Hub, 32 Teeth, Stainless Steel Material
Customer item: M656","50 / 5/8 in, A Hub, 32 Teeth, Stainless Steel Material
Customer item: M656",
"Roller Chain Sprocket, 50-B12 SS","Roller Chain Sprocket, 50-B12 SS",0,"Non-Inventory","Single","Sprocket","50-B12 SS","No","","","","","","","","","","",57.99,46.5,"Services","Purchases","","50 / 5/8 inch, B Hub, 12 Teeth, Stainless Steel Material
Customer item: M11469","50 / 5/8 inch, B Hub, 12 Teeth, Stainless Steel Material
Customer item: M11469",
"Roller Chain Sprocket, 50-B24","Roller Chain Sprocket, 50-B24",0,"Non-Inventory","Single","Sprocket","50-B24","No","","","","","","","","","","",35.99,13.5,"Services","Purchases","","50 / 5/8 inch, B Hub, 24 Teeth, Steel Material
Customer item: M3571","50 / 5/8 inch, B Hub, 24 Teeth, Steel Material
Customer item: M3571",
"Roller Chain Sprocket, 50B24SS","Roller Chain Sprocket, 50B24SS",0,"Non-Inventory","Single","Sprocket","50B24SS","No","","","","","","","","","","",189.99,145,"Services","Purchases","","50 Chain Number, 1 Strand, 24 Teeth, 2 inch Maximum Bore
Customer item: M19438","50 Chain Number, 1 Strand, 24 Teeth, 2 inch Maximum Bore
Customer item: M19438",
"Roller Chain Sprocket, 50B32","Roller Chain Sprocket, 50B32",0,"Non-Inventory","Single","Sprocket","50B32","No","","","","","","","","","","",35.99,19,"Services","Purchases","","50- 5/8 inch, 32 Teeth, 0.75 inch Stock Bore, Steel Material
Customer item: M7129","50- 5/8 inch, 32 Teeth, 0.75 inch Stock Bore, Steel Material
Customer item: M7129",
"Roller Chain Sprocket, 60SDS21","Roller Chain Sprocket, 60SDS21",0,"Non-Inventory","Single","Sprocket","60SDS21","No","","","","","","","","","","",47.99,31.48,"Services","Purchases","","Bushing Bore, 60 chain size 3/4 inch, 21 Teeth, SDS Bushing, Steel Material
Customer item: M18301","Bushing Bore, 60 chain size 3/4 inch, 21 Teeth, SDS Bushing, Steel Material
Customer item: M18301",
"Roller Chain Sprocket, D60B36","Roller Chain Sprocket, D60B36",0,"Non-Inventory","Single","Sprocket","D60B36","No","","","","","","","","","","",251.99,85,"Services","Purchases","","60 Chain, Stock Bore, 36 Teeth, 8.605 inch Pitch Dia., Steel
Customer item: M3509","60 Chain, Stock Bore, 36 Teeth, 8.605 inch Pitch Dia., Steel
Customer item: M3509",
"Roller Chain, # 25","Roller Chain, # 25",0,"Non-Inventory","Single","Chain","# 25","No","","","","","","","","","","",24.99,10,"Services","Purchases","","Single Strand, SS, 10 ft
Customer item: M12825","Single Strand, SS, 10 ft
Customer item: M12825",
"Rough Top Belt, B107000452, 36 inch","Rough Top Belt, B107000452, 36 inch",0,"Non-Inventory","Single","Belt","B107000452","No","","","","","","","","","","",25.69,20.55,"Services","Purchases","","36in Wide Open Ends","36in Wide Open Ends",
"Rubber Lagging Roller, 38 X 9","Rubber Lagging Roller, 38 X 9",0,"Non-Inventory","Single",,,"No","","","","","","","","","","",610,488.7,"Services","Purchases","","FDP 08X 38 XT 25 With lagging to equal 9” OD","FDP 08X 38 XT 25 With lagging to equal 9” OD",
"Rubber Wheel Chock","Rubber Wheel Chock",0,"Non-Inventory","Single",,"51380723","No","","","","","","","","","","",,,"Services","Purchases","","Type E","Type E",
"SAE Head Coupler (Female)","SAE Head Coupler (Female)",0,"Non-Inventory","Single",,"SWIV-BHC","No","","","","","","","","","","",121,90.75,"Services","Purchases","","SWIV-BHC
90 Degree Swivel Button
Dimensions: 3 × 1 × 1 in
Material: Zinc plated corrosion resistant steel
Product Type: Swivel (Push-On) (female)
Thread: 1/8"" NPTF(female)
For Use With: 5/8"" Headed Fittings
Working Pressure (psi): 3000","SWIV-BHC
90 Degree Swivel Button
Dimensions: 3 × 1 × 1 in
Material: Zinc plated corrosion resistant steel
Product Type: Swivel (Push-On) (female)
Thread: 1/8"" NPTF(female)
For Use With: 5/8"" Headed Fittings
Working Pressure (psi): 3000",
"SECO SV 1040 D 00X INXX","SECO SV 1040 D 00X INXX",0,"Non-Inventory","Single",,,"No","","","","","","","","","","",4899.99,3920,"Services","Purchases","","SECO SV 1040 D 00X INXX
1,25kW 3x230/400V 50Hz IE3 
1,25kW 3x200-242/346-420V 50Hz 
1,25kW 3x265/460V 60Hz IE3 
1,25kW 3x200-277/346-480V 60Hz 
1500/1800rpm size 90 IP55 Is.Cl.F 
Certificate: cURus 
Radial fan 
Stage with vanes ZIRKON 
Locking plug 
Silencer with non-return valve 
Mounting with hood 
Vacuum regulating valve 
Name plate SECO 
With label ""VacuumApp""","SECO SV 1040 D 00X INXX
1,25kW 3x230/400V 50Hz IE3 
1,25kW 3x200-242/346-420V 50Hz 
1,25kW 3x265/460V 60Hz IE3 
1,25kW 3x200-277/346-480V 60Hz 
1500/1800rpm size 90 IP55 Is.Cl.F 
Certificate: cURus 
Radial fan 
Stage with vanes ZIRKON 
Locking plug 
Silencer with non-return valve 
Mounting with hood 
Vacuum regulating valve 
Name plate SECO 
With label ""VacuumApp""",
"SEW EURODRIVE SA47 DRN80MK4/BE1HR","SEW EURODRIVE SA47 DRN80MK4/BE1HR",0,"Non-Inventory","Single","Motor:Gear Motor","DRN80MK4/BE1HR","No","","","","","","","","","","",1750,1486,"Services","Purchases","","1745/162 RPM, 10.80/finite, 230/460V Helical Worm Gearmotor","1745/162 RPM, 10.80/finite, 230/460V Helical Worm Gearmotor",
"SEW Eurodrive BE5B","SEW Eurodrive BE5B",0,"Non-Inventory","Single","Motor","BE5B","No","","","","","","","","","","",,,"Services","Purchases","","Electric Motor Brake, 230 VAC, 55 Nm","Electric Motor Brake, 230 VAC, 55 Nm",
"SEW Eurodrive, BMK 1.5, 8264635","SEW Eurodrive, BMK 1.5, 8264635",0,"Non-Inventory","Single","Brake","8264635","No","","","","","","","","","","",242,182,"Services","Clearly Better Business Checking (7248) - 1","","BRAKE RECTIFIER, 1.5AMP, 24VDC, 150-500VAC","BRAKE RECTIFIER, 1.5AMP, 24VDC, 150-500VAC",
"SEW Eurodrive, KESAF37 AESM143","SEW Eurodrive, KESAF37 AESM143",0,"Non-Inventory","Single","Motor","KESAF37 AESM143","No","","","","","","","","","","",4258.5,3407,"Services","Purchases","","SO# 87.7435315101.0002.17.10
Ratio: 3.98
Oil: FUCHS GL460","SO# 87.7435315101.0002.17.10
Ratio: 3.98
Oil: FUCHS GL460",
"SEW-EURODRIVE, R47AM56","SEW-EURODRIVE, R47AM56",0,"Non-Inventory","Single","Reducer","R47AM56","No","","","","","","","","","","",1000,750,"Services","Purchases","","GEARBOX","GEARBOX",
"SH1.250C18KEYX10","SH1.250C18KEYX10",0,"Non-Inventory","Single",,,"No","","","","","","","","","","",15.14,12.11,"Services","Purchases","","1-1/4"" DIA 1018 CD TRUKEY SHAFTING, 1/4"" X 1/8"" KEYWAY
2 BARS X 10 FT MIN LENGTH","1-1/4"" DIA 1018 CD TRUKEY SHAFTING, 1/4"" X 1/8"" KEYWAY
2 BARS X 10 FT MIN LENGTH",
"SH1.438C18KEYX10","SH1.438C18KEYX10",0,"Non-Inventory","Single",,,"No","","","","","","","","","","",37.7,13.16,"Services","Purchases","","1-7/16"" DIA 1018 CD TRUKEY SHAFTING, 3/8"" X 3/16"" KEYWAY
4 BARS X 10 FT MIN LENGTH","1-7/16"" DIA 1018 CD TRUKEY SHAFTING, 3/8"" X 3/16"" KEYWAY
4 BARS X 10 FT MIN LENGTH",
"SH1.688C18KEY","SH1.688C18KEY",0,"Non-Inventory","Single",,"SH1.688C18KEY","No","","","","","","","","","","",27.36,21.89,"Services","Purchases","","1-11/16 DIA 1018 CD TRUKEY SHAFTING, 3/8"" X 3/16"" KEYWAY
2 BARS X 10 FT MIN LENGTH","1-11/16 DIA 1018 CD TRUKEY SHAFTING, 3/8"" X 3/16"" KEYWAY
2 BARS X 10 FT MIN LENGTH",
"SH1.688C18KEYX12","SH1.688C18KEYX12",0,"Non-Inventory","Single",,"SH1.688C18KEYX12","No","","","","","","","","","","",23.26,18.61,"Services","Purchases","","1-11/16 DIA 1018 CD TRUKEY SHAFTING, 3/8"" X 3/16"" KEYWAY
2 BARS X 12 FT MIN LENGTH","1-11/16 DIA 1018 CD TRUKEY SHAFTING, 3/8"" X 3/16"" KEYWAY
2 BARS X 12 FT MIN LENGTH",
"SKF 6307/C3","SKF 6307/C3",0,"Non-Inventory","Single","Bearings","6307/C3","No","","","","","","","","","","",44.28,35.42,"Services","Purchases","","Radial/Deep Groove Ball Bearing - Straight Bore, 35 mm ID, 80 mm OD, 21 mm Width, Open, Without Snap Ring","Radial/Deep Groove Ball Bearing - Straight Bore, 35 mm ID, 80 mm OD, 21 mm Width, Open, Without Snap Ring",
"SKF 6318/S1","SKF 6318/S1",0,"Non-Inventory","Single","Bearings:Ball Bearing","6318/S1","No","","","","","","","","","","",689.99,450,"Services","Purchases","","90x190x43mm 
Single Row Deep Groove Ball Bearing
Metric, Bearing, Bearing Steel, Open (No Seal), Normal Clearance (Cn)","90x190x43mm 
Single Row Deep Groove Ball Bearing
Metric, Bearing, Bearing Steel, Open (No Seal), Normal Clearance (Cn)",
"SL-ABG-002B","SL-ABG-002B",0,"Non-Inventory","Single",,"SL-ABG-002B","No","","","","","","","","","","",2.99,0.3576,"Services","Purchases","","HARDNESS 70, 5 (SHORE A) VITON METAL DETECTABLE DUROMETER 70
DIMS: ø2.528x","HARDNESS 70, 5 (SHORE A) VITON METAL DETECTABLE DUROMETER 70
DIMS: ø2.528x",
"SL-ACF-322E","SL-ACF-322E",0,"Non-Inventory","Single",,"SL-ACF-322E","No","","","","","","","","","","",,,"Services","","","GROMMET, CARRIER,  Viton ø3.16x.211",,
"SL-AM-171B","SL-AM-171B",0,"Non-Inventory","Single",,"SL-AM-171B","No","","","","","","","","","","",,,"Services","","","HANDLE SS 316, C-C 4"", #8-32 MOUNTING",,
"SLOAN Manual Flush Valve","SLOAN Manual Flush Valve",0,"Non-Inventory","Single",,"REGAL 111 XL","No","","","","","","","","","","",,,"Services","Purchases","","Exposed, Top, 1.6 gpf Gallons per Flush, 11 1/2 in Rough-In","Exposed, Top, 1.6 gpf Gallons per Flush, 11 1/2 in Rough-In",
"SOLENOID VALVE, 3/4-WAY, SVV-120-VAC-N4","SOLENOID VALVE, 3/4-WAY, SVV-120-VAC-N4",0,"Non-Inventory","Single",,"SVV-120-VAC-N4","No","","","","","","","","","","",213.33,160,"Services","Purchases","","120VAC, NEMA 4 ENCLOSURE","120VAC, NEMA 4 ENCLOSURE",
"SR10-2RS Ball Bearing","SR10-2RS Ball Bearing",0,"Non-Inventory","Single","Bearings:Ball Bearing","F4S000600","No","","","","","","","","","","",7.49,,"Services","","","1.375""OD X 0.625""ID X 11/32""W, SS
Customer Item # M741",,
"SR12-2RS Ball Bearing","SR12-2RS Ball Bearing",0,"Non-Inventory","Single","Bearings:Ball Bearing","F4S000603","No","","","","","","","","","","",7.99,,"Services","","","1-5/8""OD x ¾""ID x 7/16""W,  SS
Customer Item # M662",,
"SR14-2RS Ball Bearing","SR14-2RS Ball Bearing",0,"Non-Inventory","Single","Bearings:Ball Bearing","F4S000602","No","","","","","","","","","","",11.99,,"Services","","","1-7/8 inch OD x 7/8 inch ID x ½ inch W
Customer Item # M668",,
"SR16-2RS Ball Bearing","SR16-2RS Ball Bearing",0,"Non-Inventory","Single","Bearings:Ball Bearing","F4S000604","No","","","","","","","","","","",11.99,,"Services","","","1 inch ID x 2 inch OD x 1/2 inch W
Customer Item # M494",,
"SR20-2RS Ball Bearing","SR20-2RS Ball Bearing",0,"Non-Inventory","Single","Bearings:Ball Bearing","F4S000601","No","","","","","","","","","","",16.99,,"Services","","","2¼""OD x 1¼""ID x ½""W
Customer Item # M8380",,
"STAINLESS STEEL SPROCKET APPLICATOR 40013924","STAINLESS STEEL SPROCKET APPLICATOR 40013924",0,"Non-Inventory","Single","Sprocket","81052790/ 40013924","No","","","","","","","","","","",279.99,219.2,"Services","Purchases","","CLA SS Appl. 80/16B Sprocket/Pinion M1
Customer item: M22844","CLA SS Appl. 80/16B Sprocket/Pinion M1",
"STOP Red Legend Plate","STOP Red Legend Plate",0,"Non-Inventory","Single",,"F4S000206","Yes","","","","","","","","","","",6.99,,"Sales of Product Income","Cost of goods sold","","Specification:","Specification:",
"SW LIMIT 2 STEP 3742736","SW LIMIT 2 STEP 3742736",0,"Non-Inventory","Single",,"3742736","No","","","","","","","","","","",,,"Services","Purchases","","Lower Canopy Limit","Lower Canopy Limit",
"SW LIMIT DPDT 3742734","SW LIMIT DPDT 3742734",0,"Non-Inventory","Single",,"3742734","No","","","","","","","","","","",,,"Services","Purchases","","Upper Canopy Limit","Upper Canopy Limit",
"Safety Hinge Pin, 18-8 Stainless Steel Domed Head","Safety Hinge Pin, 18-8 Stainless Steel Domed Head",0,"Non-Inventory","Single","Safety Hinge Pin","new","No","","","","","","","","","","",0.45,,"Clearly Better Business Checking (7248) - 1","","","Solid Rivet 
3/16” D X 2"" L
Customer Item # M14524",,
"Sanding Belt 2""","Sanding Belt 2""",0,"Non-Inventory","Single","ABRASIVE","F4S000303","No","","","","","","","","","","",6.25,,"Sales of Product Income","","","50.8mm x 641mm 80 Grit 747D",,
"Sanding Belt 2”","Sanding Belt 2”",0,"Non-Inventory","Single",,,"Yes","","","","","","","","","","",6.25,,"Services","","","2"" X 25-7/32"" 80 GRIT 747D",,
"Sanitary Fitting Clamp 1½","Sanitary Fitting Clamp 1½",0,"Non-Inventory","Single","Sanitary Clamp","F4S000400","No","","","","","","","","","","",5.99,,"Clearly Better Business Checking (7248) - 1","","","Heavy Duty, Clamp SS304
Customer item: M324",,
"Sanitary Fitting Clamp 2 inch","Sanitary Fitting Clamp 2 inch",0,"Non-Inventory","Single","Sanitary Clamp",,"No","","","","","","","","","","",7.49,,"Services","","","Heavy Duty, Clamp SS304
Customer: M903",,
"Sanitary Fitting Clamp 2½ inch","Sanitary Fitting Clamp 2½ inch",0,"Non-Inventory","Single","Sanitary Clamp",,"No","","","","","","","","","","",7.49,,"Services","","","Heavy Duty, Clamp SS304
Customer item: M8511",,
"Sanitary Fitting Clamp 3 inch","Sanitary Fitting Clamp 3 inch",0,"Non-Inventory","Single","Sanitary Clamp",,"No","","","","","","","","","","",10.49,,"Services","","","Heavy Duty, Clamp SS304
Customer item: M6028",,
"Sanitary Fitting Clamp 4 inch","Sanitary Fitting Clamp 4 inch",0,"Non-Inventory","Single","Sanitary Clamp",,"No","","","","","","","","","","",11.99,,"Services","","","Heavy Duty, Clamp SS304
Customer item: M333",,
"Sanitary Fitting Clamp ¾ inch","Sanitary Fitting Clamp ¾ inch",0,"Non-Inventory","Single","Sanitary Clamp","F4S000401","No","","","","","","","","","","",3.49,,"Clearly Better Business Checking (7248) - 1","","","Heavy Duty, Clamp SS304
Customer item: M343",,
"Schneider Electric 9001 Series H","Schneider Electric 9001 Series H",0,"Non-Inventory","Single",,"9001 Series H","No","","","","","","","","","","",,,"Services","Purchases","","KM1 Push Button Pilot Light Switch, Red, 110-120V","KM1 Push Button Pilot Light Switch, Red, 110-120V",
"Screw-In Mount Plastic Speed Bump","Screw-In Mount Plastic Speed Bump",0,"Non-Inventory","Single",,"57955T11","No","","","","","","","","","","",,,"Services","Purchases","","Material: Plastic
Length: 6 ft.
Width: 10 inch
Height: 2 inch
Color: Yellow","Material: Plastic
Length: 6 ft.
Width: 10 inch
Height: 2 inch
Color: Yellow",
"Seal Gasket - BLUE -  Standard","Seal Gasket - BLUE -  Standard",0,"Non-Inventory","Single",,"F4S000150","Yes","","","","","","","","","","",2.5,,"Sales","Cost of goods sold","","Seal Gasket - BLUE -  Standard","Seal Gasket - BLUE -  Standard",
"Seal Master MFC-48","Seal Master MFC-48",0,"Non-Inventory","Single","Bearings","MFC-48","No","","","","","","","","","","",910,682.2,"Services","Purchases","","Four-Bolt Piloted Flange Ball Bearing Unit - 3 in Bore, 4-Bolt Piloted Flange, Set Screw Locking, Cast Iron Housing Material, Non-Expansion Bearing (Fixed), Medium Duty, Felt Labyrinth Seal Seal","Four-Bolt Piloted Flange Ball Bearing Unit - 3 in Bore, 4-Bolt Piloted Flange, Set Screw Locking, Cast Iron Housing Material, Non-Expansion Bearing (Fixed), Medium Duty, Felt Labyrinth Seal Seal",
"Seal-","Seal-",0,"Non-Inventory","Single",,,"No","","","","","","","","","","",,,"Services","Purchases","",,,
"Sensor/actuator cable, SAC-5P-10,0-115/M12FR, 1509597","Sensor/actuator cable, SAC-5P-10,0-115/M12FR, 1509597",0,"Non-Inventory","Single",,"1509597","No","","","","","","","","","","",,,"Services","Purchases","","Sensor/actuator cable, 5-position, PUR halogen-free, black-gray RAL 7021, free cable end, on Socket angled M12, coding: A, cable length: 10 m","Sensor/actuator cable, 5-position, PUR halogen-free, black-gray RAL 7021, free cable end, on Socket angled M12, coding: A, cable length: 10 m",
"Service Stairs for Jet Bridge","Service Stairs for Jet Bridge",0,"Non-Inventory","Single",,"2125368.1","No","","","","","","","","","","",,,"Services","Purchases","","STAIR 23 TREAD 2125368.1","STAIR 23 TREAD 2125368.1",
"Services","Services",0,"Service","Single",,,"No","","","","","","","","","","",,,"Services","","",,,
"Shaft  1 - 7/16""","Shaft  1 - 7/16""",0,"Non-Inventory","Single","Shaft","SH1.438C45KEYX10","Yes","","","","","","","","","","",18.48,14.47,"Services","Purchases","","1-7/16"" DIA C1045 TGP TRUKEY SHAFTING, 3/8"" X 3/16"" KEYWAY 
5 BARS X 10 FT MIN LENGTH","1-7/16"" DIA C1045 TGP TRUKEY SHAFTING, 3/8"" X 3/16"" KEYWAY 
5 BARS X 10 FT MIN LENGTH",
"Shaft, Encoder Mount Pusher","Shaft, Encoder Mount Pusher",0,"Non-Inventory","Single",,"802440","No","","","","","","","","","","",408,305.75,"Services","Purchases","","802440","802440",
"Shelco Filter","Shelco Filter",0,"Non-Inventory","Single",,"FOS786","No","","","","","","","","","","",342.13,242.13,"Services","Purchases","","Shelco 304 SS Filter Housing, for 9¾”H cartridges, ¾” fnpt","Shelco 304 SS Filter Housing, for 9¾”H cartridges, ¾” fnpt",
"Shipping","Shipping",0,"Service","Single",,,"Yes","","","","","","","","","","",,,"Services","Purchases","",,,
"Short Arm Belt, 802441","Short Arm Belt, 802441",0,"Non-Inventory","Single",,"802441","No","","","","","","","","","","",1764,1322.45,"Services","Purchases","","14mm Pitch, 120 Wide x 966 Long","802441",
"Silicone Gasket 381007B 42RX-PX 3/4"" GASKET CLAMP SILICONE","Silicone Gasket 381007B 42RX-PX 3/4"" GASKET CLAMP SILICONE",0,"Non-Inventory","Single",,"F4S001100","Yes","","","","","","","","","","",150,,"Sales","Cost of goods sold","","Silicone Gasket 381007B 42RX-PX 3/4"" GASKET CLAMP SILICONE","Silicone Gasket 381007B 42RX-PX 3/4"" GASKET CLAMP SILICONE",
"Single Pin Clamp 304 or 316 Stainless Steel","Single Pin Clamp 304 or 316 Stainless Steel",0,"Non-Inventory","Single",,"F4S000400","Yes","","","","","","","","","","",2.69,,"Sales","Cost of goods sold","","Single Pin Clamp 304 or 316 Stainless Steel","Single Pin Clamp 304 or 316 Stainless Steel",
"Sleeve","Sleeve",0,"Non-Inventory","Single",,,"No","","","","","","","","","","",,,"Services","Purchases","",,,
"Sleeve-","Sleeve-",0,"Non-Inventory","Single",,,"Yes","","","","","","","","","","",,,"Services","","",,,
"Smart Motor Controller, 150-C19NBD","Smart Motor Controller, 150-C19NBD",0,"Non-Inventory","Single",,"150-C19NBD","No","","","","","","","","","","",647.5,518,"Services","Purchases","","19A,480V, 3 Phase, 50/60Hz,100...240V AC,Open","19A,480V, 3 Phase, 50/60Hz,100...240V AC,Open",
"Smooth Top Belt, B101001440, 34 inch","Smooth Top Belt, B101001440, 34 inch",0,"Non-Inventory","Single","Belt","B101001440","No","","","","","","","","","","",17.05,13.64,"Services","Purchases","","34 inch wide BLK PVC150 Open ends","34 inch wide BLK PVC150 Open ends",
"Smooth Top Belt, B101001440, 36 inch","Smooth Top Belt, B101001440, 36 inch",0,"Non-Inventory","Single","Belt","B101001440","No","","","","","","","","","","",17.56,14.39,"Services","Purchases","","36in Wide Open Ends","36in Wide Open Ends",
"Somfy LT60 6100R2","Somfy LT60 6100R2",0,"Non-Inventory","Single",,"1166038","No","","","","","","","","","","",694.51,555.61,"Services","Purchases","","100 Nm (880.3 in Lbs) 14 rpm 120 V motor","100 Nm (880.3 in Lbs) 14 rpm 120 V motor",
"Specifications","Specifications",0,"Non-Inventory","Single",,"F4S001203","Yes","","","","","","","","","","",399.99,,"Sales of Product Income","Cost of goods sold","","Specifications:","Specifications:",
"Spherical Roller Bearing, SB-22207-W33-SS","Spherical Roller Bearing, SB-22207-W33-SS",0,"Non-Inventory","Single","Bearings","SB-22207-W33-SS","No","","","","","","","","","","",172.49,113.8,"Services","Purchases","","35 mm ID, 72 mm OD, 23 mm Width, Straight Bore, Sealed
Customer item: M10473","35 mm ID, 72 mm OD, 23 mm Width, Straight Bore, Sealed
Customer item: M10473",
"Spherical Roller Bearing, SB22210SS","Spherical Roller Bearing, SB22210SS",0,"Non-Inventory","Single","Bearings","SB22210SS","No","","","","","","","","","","",225.49,146.5,"Services","Purchases","","50 mm ID, 90 mm OD, 23 mm Width, Straight Bore, Sealed.
Customer item: M13016","50 mm ID, 90 mm OD, 23 mm Width, Straight Bore, Sealed.
Customer item: M13016",
"Sprocket SPR 50B27, 1027281","Sprocket SPR 50B27, 1027281",0,"Non-Inventory","Single",,"1027281","No","","","","","","","","","","",30,25.5,"Services","Purchases","","23 A TF","23 A TF",
"Sprocket, 2080-A36 SS","Sprocket, 2080-A36 SS",0,"Non-Inventory","Single","Sprocket","2080-A36","No","","","","","","","","","","",345.99,275,"Services","Purchases","","Double Pitch Stainless Steel
Customer item:M13015","Double Pitch Stainless Steel
Customer item:M13015",
"Spur Gear 20 DP, 16 Teeth","Spur Gear 20 DP, 16 Teeth",0,"Non-Inventory","Single",,,"No","","","","","","","","","","",20.99,,"Services","","","0.900 OD, 20° PA
Customer Item: SL-D6-005A",,
"Spur Gear 32 Pitch, 12 Teeth","Spur Gear 32 Pitch, 12 Teeth",0,"Non-Inventory","Single","Spur Gear","F4S001400","No","","","","","","","","","","",25.99,,"Clearly Better Business Checking (7248) - 1","","","1/4 inch Bore Diameter, 20° Pressure Angle.
Customer Item# M6194",,
"Spur Gear, NSS1045 SS","Spur Gear, NSS1045 SS",0,"Non-Inventory","Single","Spur Gear","NSS1045","No","","","","","","","","","","",309.99,172.8,"Services","Purchases","","10 DP, 14.5 PA, 45 Teeth, 1 inch Face, 0.8750 inch Bore, Minimum Plain Bore, Material: Stainless Steel
Customer item: M19218","10 DP, 14.5 PA, 45 Teeth, 1 inch Face, 0.8750 inch Bore, Minimum Plain Bore, Material: Stainless Steel
Customer item: M19218",
"Staco Energy Variable 3PN1510BV","Staco Energy Variable 3PN1510BV",0,"Non-Inventory","Single",,"3PN1510BV","No","","","","","","","","","","",2119.99,1589.5,"Services","Purchases","","140VAC Receptacle Output 15A (2.1kVA) Constant Current Variable Transformer Input Plug, 6' Cord","140VAC Receptacle Output 15A (2.1kVA) Constant Current Variable Transformer Input Plug, 6' Cord",
"Stainless Steel Ball Bearing ( SS, ø1-5/8""OD x ¾ ""ID x 7 / 1 6 "" W )","Stainless Steel Ball Bearing ( SS, ø1-5/8""OD x ¾ ""ID x 7 / 1 6 "" W )",0,"Non-Inventory","Single",,"F4S000603","Yes","","","","","","","","","","",11.99,,"Sales","Cost of goods sold","","Stainless Steel Ball Bearing ( SS, ø1-5/8""OD x ¾ ""ID x 7 / 1 6 "" W )","Stainless Steel Ball Bearing ( SS, ø1-5/8""OD x ¾ ""ID x 7 / 1 6 "" W )",
"Stainless Steel Ball Bearing (1-7/8""OD x 7/8""ID x ½""W)","Stainless Steel Ball Bearing (1-7/8""OD x 7/8""ID x ½""W)",0,"Non-Inventory","Single",,"F4S000602","Yes","","","","","","","","","","",16.5,,"Sales","Cost of goods sold","","Specifications:


1/2"" Outer Race Width; 2 Seals; ABEC 1 | ISO P0; No Filling Slot; No Snap Ring; C0-Medium Internal Clearance; Stainless Steel Cage","Specifications:


1/2"" Outer Race Width; 2 Seals; ABEC 1 | ISO P0; No Filling Slot; No Snap Ring; C0-Medium Internal Clearance; Stainless Steel Cage",
"Stainless Steel Ball Bearing (Ø1.375""OD X .625""ID X 11/32""W)","Stainless Steel Ball Bearing (Ø1.375""OD X .625""ID X 11/32""W)",0,"Non-Inventory","Single",,"F4S000600","Yes","","","","","","","","","","",12.99,,"Sales of Product Income","Cost of goods sold","","Specifications:","Specifications:",
"Stainless Steel Ball Bearing (ø2¼""OD x 1¼""ID x ½""W)","Stainless Steel Ball Bearing (ø2¼""OD x 1¼""ID x ½""W)",0,"Non-Inventory","Single",,"F4S000601","Yes","","","","","","","","","","",18.99,,"Sales of Product Income","Cost of goods sold","","Specifications:


2 Seals; ABEC 1 | ISO P0; No Filling Slot; No Snap Ring; C0-Medium Internal Clearance; Stainless Steel Cage","Specifications:


2 Seals; ABEC 1 | ISO P0; No Filling Slot; No Snap Ring; C0-Medium Internal Clearance; Stainless Steel Cage",
"Stainless Steel, 2080 w/Attach A1 Every Link, 330”","Stainless Steel, 2080 w/Attach A1 Every Link, 330”",0,"Non-Inventory","Single","Chain","41571","No","","","","","","","","","","",1179.99,985.045,"Services","Purchases","","330""Lg; Db Pitch; PreStretched+Matched
Customer item: M10104","C2080HSS A1 EVP 163P + OL + CL",
"Stainless Steel, 2080 w/Attach A1 Every Link, 336”","Stainless Steel, 2080 w/Attach A1 Every Link, 336”",0,"Non-Inventory","Single","Chain",,"No","","","","","","","","","","",,,"Services","Purchases","","336""Lg; Db Pitch; PreStretched+Matched
Customer item: M7004","336""Lg; Db Pitch; PreStretched+Matched",
"Standard Abrasives  Quick Change Surface Conditioning Disc","Standard Abrasives  Quick Change Surface Conditioning Disc",0,"Non-Inventory","Single","ABRASIVE","F4S000301","Yes","","","","","","","","","","",0.85,,"Sales of Product Income","Cost of goods sold","","2"" - Nonwoven  A/O ; Course Grade 

 ","Specifications:


 ",
"Standard Hand Socket, 1/2"" Drive, 19.00 mm Socket, 12-Point","Standard Hand Socket, 1/2"" Drive, 19.00 mm Socket, 12-Point",0,"Non-Inventory","Single",,"39935853","No","","","","","","","","","","",,,"Services","Purchases","","Chrome Finish","Chrome Finish",
"Standard Hand Socket, 1/2"" Drive, 24.00 mm Socket, 12-Point","Standard Hand Socket, 1/2"" Drive, 24.00 mm Socket, 12-Point",0,"Non-Inventory","Single",,"39956149","No","","","","","","","","","","",,,"Services","Purchases","","Chrome Finish","Chrome Finish",
"Standard Roller Chain 2080","Standard Roller Chain 2080",0,"Non-Inventory","Single","Chain","802402","No","","","","","","","","","","",685.99,220,"Services","Purchases","","14-1/2ft Long 2 inch Pitch","14-1/2ft Long 2 inch Pitch",
"Start (Black & Grey)","Start (Black & Grey)",0,"Non-Inventory","Single",,"F4S000204","Yes","","","","","","","","","","",3.99,,"Sales of Product Income","Cost of goods sold","","Specifications:","Specifications:",
"Steel Iron Rebar","Steel Iron Rebar",0,"Service","Single",,,"Yes","","","","","","","","","","",,,"Services","","",,,
"Stock Bore Sprocket, 50B18 SS","Stock Bore Sprocket, 50B18 SS",0,"Non-Inventory","Single","Spur Gear","50B18","No","","","","","","","","","","",86.99,63.5,"Services","Purchases","","50 / 5/8 in, 18 Teeth, 0.6250 in Stock Bore, Stainless Steel Material
Customer item: M19244","50 / 5/8 in, 18 Teeth, 0.6250 in Stock Bore, Stainless Steel Material",
"Strap, 1 inch X 13 inch","Strap, 1 inch X 13 inch",0,"Non-Inventory","Single",,"3100000","No","","","","","","","","","","",6,2.5,"Services","Purchases","","Webbing with 1 inch loop on one end and captivated on other, Black","Webbing with 1 inch loop on one end and captivated on other, Black",
"Stronghold[Reg] M75 Steel Phosphate Finish DSH (DIN 471 Shaft) External Retaining Ring # 75","Stronghold[Reg] M75 Steel Phosphate Finish DSH (DIN 471 Shaft) External Retaining Ring # 75",0,"Non-Inventory","Single",,"35359","No","","","","","","","","","","",1.7,1.7,"Services","Purchases","","35359","35359",
"Sumitomo Drive Technologies CNHX-6105Y-29","Sumitomo Drive Technologies CNHX-6105Y-29",0,"Service","Single",,"CNHX-6105Y-29","No","","","","","","","","","","",2699.99,2250,"Services","Purchases","","CNHX-6105Y-29 Inline Speed Reducer - 29:1 Ratio, 5/8 in Input Size, C-Face Input Type, 1-1/8 in Output Shaft Diameter, Single Reduction","CNHX-6105Y-29 Inline Speed Reducer - 29:1 Ratio, 5/8 in Input Size, C-Face Input Type, 1-1/8 in Output Shaft Diameter, Single Reduction",
"Sumitomo Drive Technologies PA059470","Sumitomo Drive Technologies PA059470",0,"Non-Inventory","Single","Reducer","CNHX-6125Y-29","No","","","","","","","","","","",,2256.3,"Services","Purchases","","CNHX-6125Y-29, 182TC","CNHX-6125Y-29, 182TC",
"Super HC Powerband V-Belt, 3VX355","Super HC Powerband V-Belt, 3VX355",0,"Non-Inventory","Single",,"3VX355","No","","","","","","","","","","",,,"Services","Purchases","","3VX, 3/8 in Top Width, 3 Strand, 35.50 in Nominal Outside Length","3VX, 3/8 in Top Width, 3 Strand, 35.50 in Nominal Outside Length",
"Super HC V-Belt 3VX500","Super HC V-Belt 3VX500",0,"Non-Inventory","Single",,"3VX500","No","","","","","","","","","","",,,"Services","Purchases","","3VX, 3/8 in Top Width, 1 Strand, 50 in Nominal Outside Length","3VX, 3/8 in Top Width, 1 Strand, 50 in Nominal Outside Length",
"Super HC V-Belt 3VX600","Super HC V-Belt 3VX600",0,"Non-Inventory","Single",,"3VX600","No","","","","","","","","","","",,,"Services","Purchases","","3VX, 3/8 in Top Width, 1 Strand, 60 in Nominal Outside Length","3VX, 3/8 in Top Width, 1 Strand, 60 in Nominal Outside Length",
"Super HC V-Belt 3VX750","Super HC V-Belt 3VX750",0,"Non-Inventory","Single",,"3VX750","No","","","","","","","","","","",,,"Services","Purchases","","3VX, 3/8 in Top Width, 1 Strand, 75 in Nominal Outside Length","3VX, 3/8 in Top Width, 1 Strand, 75 in Nominal Outside Length",
"Super HC V-Belt, 3VX265","Super HC V-Belt, 3VX265",0,"Non-Inventory","Single",,"3VX265","Yes","","","","","","","","","","",,,"Services","Purchases","","3VX, 3/8 in Top Width, 1 Strand, 26.50 in Nominal Outside Length","3VX, 3/8 in Top Width, 1 Strand, 26.50 in Nominal Outside Length",
"Super HC V-Belt, 3VX280","Super HC V-Belt, 3VX280",0,"Non-Inventory","Single",,"3VX280","No","","","","","","","","","","",,,"Services","Purchases","","3VX, 3/8 in Top Width, 2 Strand, 28 in Nominal Outside Length","3VX, 3/8 in Top Width, 2 Strand, 28 in Nominal Outside Length",
"Super HC V-Belt, 3VX425","Super HC V-Belt, 3VX425",0,"Non-Inventory","Single",,"3VX425","No","","","","","","","","","","",,,"Services","Purchases","","3VX, 3/8 in Top Width, 1 Strand, 42.50 in Nominal Outside Length","3VX, 3/8 in Top Width, 1 Strand, 42.50 in Nominal Outside Length",
"Super HC V-Belt, 3VX475","Super HC V-Belt, 3VX475",0,"Non-Inventory","Single",,"3VX475","No","","","","","","","","","","",,,"Services","Purchases","","3VX, 3/8 in Top Width, 1 Strand, 47.50 in Nominal Outside Length","3VX, 3/8 in Top Width, 1 Strand, 47.50 in Nominal Outside Length",
"Super HC V-Belt, 3VX530","Super HC V-Belt, 3VX530",0,"Non-Inventory","Single",,"3VX530","No","","","","","","","","","","",,,"Services","Purchases","","3VX, 3/8 in Top Width, 1 Strand, 53 in Nominal Outside Length","3VX, 3/8 in Top Width, 1 Strand, 53 in Nominal Outside Length",
"Supper Sturdy Lift Sling Straps, 2 Pack 2”x15FT","Supper Sturdy Lift Sling Straps, 2 Pack 2”x15FT",0,"Non-Inventory","Single",,"2 Pack 2”x15FT","No","","","","","","","","","","",,,"Services","","",,,
"Surcharge","Surcharge",0,"Non-Inventory","Single",,,"No","","","","","","","","","","",,,"Services","Purchases","",,,
"Surge Suppressor, CSMB203N4S6X2","Surge Suppressor, CSMB203N4S6X2",0,"Non-Inventory","Single",,"CSMB203N4S6X2","No","","","","","","","","","","",2671.05,2136.84,"Services","Purchases","","480V DELTA, 200KA, FILTER, N4X SPECPRO 7 MODE","480V DELTA, 200KA, FILTER, N4X SPECPRO 7 MODE",
"Swann Add-On DVR Bullet Security Camera System with Sensor Spotlight","Swann Add-On DVR Bullet Security Camera System with Sensor Spotlight",0,"Non-Inventory","Single",,,"No","","","","","","","","","","",,,"Services","Purchases","","1080p Full HD Video, Indoor or Outdoor Design, Dusk to Dawn Color Night Vision Plus True Detect™ Heat and Motion Detection","1080p Full HD Video, Indoor or Outdoor Design, Dusk to Dawn Color Night Vision Plus True Detect™ Heat and Motion Detection",
"Swann Security Camera, 1080p DVR Bullet Surveillance Cameras with 1TB HDD","Swann Security Camera, 1080p DVR Bullet Surveillance Cameras with 1TB HDD",0,"Non-Inventory","Single",,,"No","","","","","","","","","","",,,"Services","Purchases","","8 Channel 8 Cam, Indoor Outdoor Wired Surveillance Camera, Color Night Vision, Heat Motion Detection, LEDs","8 Channel 8 Cam, Indoor Outdoor Wired Surveillance Camera, Color Night Vision, Heat Motion Detection, LEDs",
"Sylvania 25322 High Output Standard Fluorescent Lamp, F30T12/CW/HO","Sylvania 25322 High Output Standard Fluorescent Lamp, F30T12/CW/HO",0,"Non-Inventory","Single",,"F30T12/CW/HO","No","","","","","","","","","","",99.48,22.61,"Services","Purchases","","42 W, Recessed Double Contact Linear Fluorescent Lamp, T12, 2250 Lumens","42 W, Recessed Double Contact Linear Fluorescent Lamp, T12, 2250 Lumens",
"T10 Tubular Light Bulbs, 25W Bulb, Clear Incandescent","T10 Tubular Light Bulbs, 25W Bulb, Clear Incandescent",0,"Non-Inventory","Single","Light Bulb",,"No","","","","","","","","","","",22.99,,"Services","","","E26 Medium Base, Warm White, Dimmable Vintage Tubular Style Showcase Bulb, (6 Pack)",,
"TE SCR Plug Heater, TE15K120-N4","TE SCR Plug Heater, TE15K120-N4",0,"Non-Inventory","Single",,"TE15K120-N","No","","","","","","","","","","",936.97,814.76,"Services","Purchases","","1500W/120V","1500W/120",
"TIMING BELT, 240L100","TIMING BELT, 240L100",0,"Non-Inventory","Single","Belt:Timing Belt","240L100","No","","","","","","","","","","",19.99,15.08,"Services","Purchases","","0.375 inch Pitch, 1 inch Width, 64 Teeth, Neoprene Material
Customer item: M6133","0.375 inch Pitch, 1 inch Width, 64 Teeth, Neoprene Material
Customer item: M6133",
"TIMKEN HH926710","TIMKEN HH926710",0,"Non-Inventory","Single","Bearings","HH926710","No","","","","","","","","","","",1094.4,875.52,"Services","Purchases","","Tapered Roller Bearing Cup - Single Cup, 10.7500 in OD, 2.1250 in Width, Chrome Steel Material","Tapered Roller Bearing Cup - Single Cup, 10.7500 in OD, 2.1250 in Width, Chrome Steel Material",
"TIMKEN HH926749","TIMKEN HH926749",0,"Non-Inventory","Single","Bearings","HH926749","No","","","","","","","","","","",2075.17,1660.13,"Services","Purchases","","Tapered Roller Bearing Cone - 4.7500 in Bore, 3.2500 in Width, Chrome Steel Material","Tapered Roller Bearing Cone - 4.7500 in Bore, 3.2500 in Width, Chrome Steel Material",
"TIMKEN HM624710","TIMKEN HM624710",0,"Non-Inventory","Single","Bearings","HM624710","No","","","","","","","","","","",368.75,295,"Services","Purchases","","Tapered Roller Bearing Cup - Single Cup, 7.5000 in OD, 1.3750 in Width, Chrome Steel Material","Tapered Roller Bearing Cup - Single Cup, 7.5000 in OD, 1.3750 in Width, Chrome Steel Material",
"TIMKEN HM624749","TIMKEN HM624749",0,"Non-Inventory","Single","Bearings","HM624749","No","","","","","","","","","","",563.25,450.6,"Services","Purchases","","Tapered Roller Bearing Cone - 4.7500 in Bore, 1.8125 in Width, Chrome Steel Material","Tapered Roller Bearing Cone - 4.7500 in Bore, 1.8125 in Width, Chrome Steel Material",
"Tank Weld Ferrules","Tank Weld Ferrules",0,"Non-Inventory","Single",,,"Yes","","","","","","","","","","",,,"Services","","",,,
"Thread Sealant Tape, 3/4 in W x 43 ft L, 13.5.mil Thick, White","Thread Sealant Tape, 3/4 in W x 43 ft L, 13.5.mil Thick, White",0,"Non-Inventory","Single",,,"No","","","","","","","","","","",,,"Services","","","Teflon Tape for Plumbers",,
"Thrust Ball Bearing for 9 mm Shaft Diameter","Thrust Ball Bearing for 9 mm Shaft Diameter",0,"Non-Inventory","Single","Bearings:Thrust Ball Bearing","F4S000500/ 7806k65","No","","","","","","","","","","",8.19,,"Sales of Product Income","Cost of goods sold","","20 mm OD, 7 mm Thick
Customer item:M18309","Specifications:",
"Thrust Ball Bearing, 20 mm Shaft Diameter","Thrust Ball Bearing, 20 mm Shaft Diameter",0,"Non-Inventory","Single",,"F4S000501","No","","","","","","","","","","",32.49,,"Sales of Product Income","Cost of goods sold","","37 mm OD, 12 mm Thick
Customer: M19361","Specifications:",
"Timing Belt Pulley, 13LF100 SS","Timing Belt Pulley, 13LF100 SS",0,"Non-Inventory","Single","Belt:Timing Belt","13LF100 SS","No","","","","","","","","","","",87.99,62.5,"Services","Purchases","","0.375 inch Pitch, 13 Tooth, 0.5 inch Bore Dia., 1.522 inch OD, 1 inch Belt Width
Customer item: M22202","0.375 inch Pitch, 13 Tooth, 0.5 inch Bore Dia., 1.522 inch OD, 1 inch Belt Width
Customer item: M22202",
"Timing Belt Pulley, 14LF075 SS","Timing Belt Pulley, 14LF075 SS",0,"Non-Inventory","Single","Belt:Belt Pulley","14LF075 SS","No","","","","","","","","","","",121.59,80,"Services","Purchases","","0.375 inch Pitch, 14 Tooth, 0.5 inch Bore Dia., 1.641 inch OD, 0.75 inch Belt Width
Customer item: M21270","0.375 inch Pitch, 14 Tooth, 0.5 inch Bore Dia., 1.641 inch OD, 0.75 inch Belt Width
Customer item: M21270",
"Timing Belt Pulley, 18LB075 SS","Timing Belt Pulley, 18LB075 SS",0,"Non-Inventory","Single","Belt:Belt Pulley","18LB075","No","","","","","","","","","","",83.99,62.25,"Services","Purchases","","Bushing Bore, 0.375 inch Pitch, 18 Tooth, 0.6250 to 0.8750 inch Bore Dia., 2.119 inch OD, 0.75 inch Belt Width
Customer item: M12725","Bushing Bore, 0.375 inch Pitch, 18 Tooth, 0.6250 to 0.8750 inch Bore Dia., 2.119 inch OD, 0.75 inch Belt Width
Customer item: M12725",
"Timing Belt Pulley, 19HB100","Timing Belt Pulley, 19HB100",0,"Non-Inventory","Single","Belt:Belt Pulley","19HB100","No","","","","","","","","","","",64.99,47,"Services","Purchases","","0.5 inch Pitch, 19 Tooth, 0.625 inch Bore Dia., 1 inch Belt Width
Customer item: M8523","0.5 inch Pitch, 19 Tooth, 0.625 inch Bore Dia., 1 inch Belt Width
Customer item: M8523",
"Timing Belt Pulley, 22HB150 SS","Timing Belt Pulley, 22HB150 SS",0,"Non-Inventory","Single","Belt:Timing Belt","22HB150 SS","No","","","","","","","","","","",289.99,205,"Services","Purchases","","0.5 inch Pitch, 22 Tooth, 0.75 inch Bore Dia., 3.447 inch OD, 1.5 inch Belt Width
Customer item: M19034","0.5 inch Pitch, 22 Tooth, 0.75 inch Bore Dia., 3.447 inch OD, 1.5 inch Belt Width
Customer item: M19034",
"Timing Belt ½ inch Width, 33 Teeth -124L050","Timing Belt ½ inch Width, 33 Teeth -124L050",0,"Non-Inventory","Single","Belt:Timing Belt","F4S001411","No","","","","","","","","","","",6.59,,"Clearly Better Business Checking (7248) - 1","","","12.4 inch Length x ½ inch Width, 33 Teeth -124L050
Customer Item #",,
"Timing Belt ½ inch Width, 56 Teeth, - 210L050","Timing Belt ½ inch Width, 56 Teeth, - 210L050",0,"Non-Inventory","Single","Belt:Timing Belt","F4S001413","No","","","","","","","","","","",9.99,,"Inventory","","","21 inch Length x ½ inch Width, 56 Teeth, - 210L050
Customer Item #",,
"Timing Belt ¾ inch Width, 40 Teeth, - 150L075","Timing Belt ¾ inch Width, 40 Teeth, - 150L075",0,"Non-Inventory","Single","Belt:Timing Belt","F4S001414","No","","","","","","","","","","",11.99,,"Inventory","","","15 inch Length x ¾ inch Width, 40 Teeth, - 150L075
Customer Item #",,
"Timing Belt ¾ inch Width, 50 Teeth","Timing Belt ¾ inch Width, 50 Teeth",0,"Non-Inventory","Single","Belt:Timing Belt","F4S001412","No","","","","","","","","","","",11.99,,"Inventory","Purchases","","18.75 inch Length x ¾ inch Width, 50 Teeth - 187L075
Customer Item: M402",,
"Timing Belt, HPT, 1400-14M-55","Timing Belt, HPT, 1400-14M-55",0,"Non-Inventory","Single","Belt","1400-14M-55","No","","","","","","","","","","",609.99,476,"Services","Purchases","","14 mm Pitch, 1400 mm Pitch Length, 55 mm Width, 100 Teeth, Rubber Material
Customer item: M3519","14 mm Pitch, 1400 mm Pitch Length, 55 mm Width, 100 Teeth, Rubber Material
Customer item: M3519",
"Traffic Safety Mirror 18 inch","Traffic Safety Mirror 18 inch",0,"Non-Inventory","Single",,"8022226","No","","","","","","","","","","",,,"Services","Purchases","","PKL MIR 1'6 GALV CAB","PKL MIR 1'6 GALV CAB",
"Transformer Turns Ratio Tester Kit, LNBB2000","Transformer Turns Ratio Tester Kit, LNBB2000",0,"Non-Inventory","Single",,"LNBB2000","No","","","","","","","","","","",1074.99,840,"Services","Purchases","","3 Phase & Single Phase Transformer Test, PT CT, Polarity Testing with Li Battery","3 Phase & Single Phase Transformer Test, PT CT, Polarity Testing with Li Battery",
"UL/CSA Listed Black Electrical Tape 7 mils -600V, 0.75 in x 66 FT","UL/CSA Listed Black Electrical Tape 7 mils -600V, 0.75 in x 66 FT",0,"Non-Inventory","Single",,,"No","","","","","","","","","","",,,"Services","","","Electric Tape Flame Retardant, Strong Adhesive",,
"ULPA Box Air Filter, 24 x 18 HVAC Trade Size","ULPA Box Air Filter, 24 x 18 HVAC Trade Size",0,"Non-Inventory","Single","Filter:ULPA Filter","5543N13","No","","","","","","","","","","",449.99,85,"Services","Purchases","","Filtering Method: Fiber, Filter Type: Box, Thickness: 11-½ inch, HVAC Filter Trade Size: 24 × 18, Maximum Temperature: 180° F, Specifications Met: UL 900
Customer item: M23392","Filtering Method: Fiber, Filter Type: Box, Thickness: 11-½ inch, HVAC Filter Trade Size: 24 × 18, Maximum Temperature: 180° F, Specifications Met: UL 900
Customer item: M23392",
"ULPA Box Air Filter, 24 x 24 x 11½","ULPA Box Air Filter, 24 x 24 x 11½",0,"Non-Inventory","Single",,"5543N14","No","","","","","","","","","","",499.99,,"Services","","","Customer item: M23298",,
"Unfinished Pressure Treated Blocking Timber","Unfinished Pressure Treated Blocking Timber",0,"Non-Inventory","Single",,"4574, LSTP","No","","","","","","","","","","",,,"Services","Purchases","","3inch x 4 inch x 8 ft","3inch x 4 inch x 8 ft",
"Universal Battery UB121100","Universal Battery UB121100",0,"Non-Inventory","Single",,"UB121100-45824","No","","","","","","","","","","",,281.95,"Services","Purchases","","12v 110 AH Deep Cycle Sealed AGM Battery with Flag Terminals","12v 110 AH Deep Cycle Sealed AGM Battery with Flag Terminals",
"V-Link Adjustable Belt, L01Z20","V-Link Adjustable Belt, L01Z20",0,"Non-Inventory","Single","Belt:NutLink Belt","L01Z20","No","","","","","","","","","","",997,747.57,"Services","Purchases","","3/8 inch Top Width, 20 m Length","3/8 inch Top Width, 20 m Length",
"VT85 Black Seal ø2.528x.211","VT85 Black Seal ø2.528x.211",0,"Non-Inventory","Single","Seal","CUS001","No","","","","","","","","","","",1.85,,"Services","","","Viton - Grommet
Customer Item # SL-ABG-002A",,
"Vibro Energy Motor, Sweco, E02C18051N","Vibro Energy Motor, Sweco, E02C18051N",0,"Non-Inventory","Single","Motor","E02C18051N","No","","","","","","","","","","",5242.67,3932,"Services","Purchases","","MOTION GENERATOR 2.5HP 208-230V 60/3/1200 TENV 313/313","MOTION GENERATOR 2.5HP 208-230V 60/3/1200 TENV 313/313",
"Vulcan RFID 10 ft Antenna Cable Extension","Vulcan RFID 10 ft Antenna Cable Extension",0,"Non-Inventory","Single",,"240-SMA-M-SMA-F-10","No","","","","","","","","","","",76.99,19.2,"Services","Purchases","","240 Series, SMA Male to SMA Female","240 Series, SMA Male to SMA Female",
"WARNER Electric 5371-273-003","WARNER Electric 5371-273-003",0,"Non-Inventory","Single",,"5371-273-003","No","","","","","","","","","","",,,"Services","Purchases","","UM210-1020-90V GEN2","UM210-1020-90V GEN2",
"WD-40 Multi-Use Lubricant with Smart Straw 2-Way Sprayer","WD-40 Multi-Use Lubricant with Smart Straw 2-Way Sprayer",0,"Non-Inventory","Single",,"490057","No","","","","","","","","","","",13.13,9.85,"Services","Purchases","","-60 to 300 Degree F, 12 oz, Aerosol Can, Amber","-60 to 300 Degree F, 12 oz, Aerosol Can, Amber",
"WD-40 Original Formula 18 OZ","WD-40 Original Formula 18 OZ",0,"Non-Inventory","Single",,"490095","No","","","","","","","","","","",,,"Services","Purchases","","Multi-Use Product with Big-Blast Spray, [12-Pack]","Multi-Use Product with Big-Blast Spray, [12-Pack]",
"WINSMITH Speed Reducer, E24MDSS52230DN","WINSMITH Speed Reducer, E24MDSS52230DN",0,"Non-Inventory","Single","Reducer","E24MDSS52230DN","No","","","","","","","","","","",1139.99,910,"Services","Purchases","","143-145TC/182-184C Motor Frame, Hollow Bore","143-145TC/182-184C Motor Frame, Hollow Bore",
"WIRE HARNESS w/CONNECTORS, AP-291597","WIRE HARNESS w/CONNECTORS, AP-291597",0,"Non-Inventory","Single",,"AP-291597","No","","","","","","","","","","",168.75,135,"Services","Purchases","",,,
"WIRING HARNESS, 293686","WIRING HARNESS, 293686",0,"Non-Inventory","Single",,"293686","No","","","","","","","","","","",168.75,135,"Services","Purchases","",,,
"Warner Electric, 6021-448-009 CBC-300","Warner Electric, 6021-448-009 CBC-300",0,"Non-Inventory","Single","Power Supply","6021-448-009 CBC-300","No","","","","","","","","","","",847,720,"Services","Purchases","","2 Channels, 120 VAC +10% -15%, 50/60 Hz, single phase, 215 VA max","2 Channels, 120 VAC +10% -15%, 50/60 Hz, single phase, 215 VA max",
"Warner Electric, Clutch Brake 5370-273-214","Warner Electric, Clutch Brake 5370-273-214",0,"Non-Inventory","Single",,"5370-273-214 CLUTCH","No","","","","","","","","","","",1982,1411.77,"Services","Purchases","","UM-180-1020 Gen2, Hollow Bore/Shaft, 30 ft-lb Torque, 90 DC Voltage","UM-180-1020 Gen2, Hollow Bore/Shaft, 30 ft-lb Torque, 90 DC Voltage",
"Wear Pads, 3007223","Wear Pads, 3007223",0,"Non-Inventory","Single",,"3007223","No","","","","","","","","","","",41.25,33,"Services","Purchases","","PL BRG 1X2 3/4X5","PL BRG 1X2 3/4X5",
"Wheel","Wheel",0,"Non-Inventory","Single",,"LA22LA036","Yes","","","","","","","","","","",,,"Services","","","Squirrel Cage",,
"Wheel Spacer","Wheel Spacer",0,"Non-Inventory","Single",,"530027","No","","","","","","","","","","",4.99,3.86,"Services","Purchases","","530027","530027",
"Wheelbarrow Tire 4.80/4.00-8 with 1 in. Axle","Wheelbarrow Tire 4.80/4.00-8 with 1 in. Axle",0,"Non-Inventory","Single",,"6025166","No","","","","","","","","","","",144.99,,"Services","","","Bore Diameter: 1 inch
Features: Flat Free Tire and Wheel
Finish: Black
Maximum Weight Capacity: 300 lb.
Primary Color: Black
Primary Material: Polyurethane
Product Diameter: 16 inch.
Product Weight: 7 inch.
Product Width: 4 inch.
Rim Offset: 0 inch.
Rim Size: 8 inch.
Warranty:Supplier Warranty",,
"White Round Reflector with Center Mounting Hole","White Round Reflector with Center Mounting Hole",0,"Non-Inventory","Single",,,"No","","","","","","","","","","",5.99,,"Services","Purchases","","Class A 3-3/16 inch","Class A 3-3/16 inch",
"Window Glass, 3742693","Window Glass, 3742693",0,"Non-Inventory","Single",,"3742693","No","","","","","","","","","","",357.5,286,"Services","Purchases","","WDO WGL 1/4X10 5/8X10 5/8","WDO WGL 1/4X10 5/8X10 5/8",
"XMSJSIY USB 3.0 Panel Flush Mount Cable 5Gbps","XMSJSIY USB 3.0 Panel Flush Mount Cable 5Gbps",0,"Non-Inventory","Single",,,"No","","","","","","","","","","",,,"Services","Purchases","","USB Type-A Male to USB Type-A Female Threaded Fixed Panel Mount Extension Cable USB A Port Charging Socket Connector for Data Transfer - 1M/3.2FT (Round)","USB Type-A Male to USB Type-A Female Threaded Fixed Panel Mount Extension Cable USB A Port Charging Socket Connector for Data Transfer - 1M/3.2FT (Round)",
"Xpel™ Oil Storage and Transfer Container Kits LEX-ULPK10L","Xpel™ Oil Storage and Transfer Container Kits LEX-ULPK10L",0,"Service","Single",,"LEX-ULPK10L","No","","","","","","","","","","",213.99,160,"Services","Purchases","","Utility Lid. Large 2-inch outlet hole ensures controlled fast pouring of lubricants. Match this lid to a 3-, 5- or 10-L drum for use with a pump.
Premium Pump. Fully serviceable, color-coded, heavy-duty discharge pump with ultra comfortable D-handle grip design. Has accessory ports for Xclude Breathers and Quick Connect Kits. This downstroke discharge pump delivers 1 liter for approximately 12 strokes.
Transfer Drum
Label ID Kit (label pocket, color-coded label pocket frame, lockable drum ring, pocket frame leash, color-coded drum ring)*
Color: Yellow","Utility Lid. Large 2-inch outlet hole ensures controlled fast pouring of lubricants. Match this lid to a 3-, 5- or 10-L drum for use with a pump.
Premium Pump. Fully serviceable, color-coded, heavy-duty discharge pump with ultra comfortable D-handle grip design. Has accessory ports for Xclude Breathers and Quick Connect Kits. This downstroke discharge pump delivers 1 liter for approximately 12 strokes.
Transfer Drum
Label ID Kit (label pocket, color-coded label pocket frame, lockable drum ring, pocket frame leash, color-coded drum ring)*
Color: Yellow",
"YP Helwig DC Brush","YP Helwig DC Brush",0,"Non-Inventory","Single",,,"No","","","","","","","","","","",85,65,"Services","Purchases","","Blue Wire","Blue Wire",
"Yellow Replaceable Contact Section","Yellow Replaceable Contact Section",0,"Non-Inventory","Single",,"JB7174","No","","","","","","","","","","",309.99,270,"Services","Purchases","","JB7174","JB7174",
"brake rel.kit BE5 HF NBR","brake rel.kit BE5 HF NBR",0,"Non-Inventory","Single",,"15570193","No","","","","","","","","","","",51.25,41,"Services","Purchases","","15570193","15570193",
"crate","crate",0,"Non-Inventory","Single",,,"No","","","","","","","","","","",,,"Services","Purchases","",,,
"iNextStation 32.8ft/10M Red LED Strip Light","iNextStation 32.8ft/10M Red LED Strip Light",0,"Non-Inventory","Single",,,"No","","","","","","","","","","",,,"Services","Purchases","","24V 2835 SMD 600 LEDs Flexible Cuttable Waterproof LED Tape Light for Bedroom Kitchen Cabinet Wardrobe TV (No Plug)","24V 2835 SMD 600 LEDs Flexible Cuttable Waterproof LED Tape Light for Bedroom Kitchen Cabinet Wardrobe TV (No Plug)",
"¼” Rear exhaust PNEU RT Angle Die Grinder","¼” Rear exhaust PNEU RT Angle Die Grinder",0,"Service","Single","Pneumatic","F4S001510","No","","","","","","","","","","",24.99,,"Clearly Better Business Checking (7248) - 1","","","¼” Rear exhaust PNEU RT Angle Die Grinder
Customer Item#",,
"‭TAIL PULLEY, 6800025177‬","‭TAIL PULLEY, 6800025177‬",0,"Non-Inventory","Single",,"6800025177‬","No","","","","","","","","","","",1909.47,1432.1,"Services","Purchases","","P49387/140","P49387/140",